mode,sampling_mode,chance_temperature,utility_temperature,fitness_type,stop_mode,n_decision_rules,n_decision_rules_pct,generation,mean_fitness,mean_accuracy,mean_error_chance,mean_error_utility,mean_entropy_norm,mean_util_dev,mean_gen_cpu
both,non_symmetric,1.0,1.0,binary,top50,1,5,1,0.476000,51.24,1.430836,18.728298,12.971466,37.031858,0.0500
both,non_symmetric,1.0,1.0,binary,top50,1,5,2,0.452000,51.20,1.445716,18.466805,13.542828,35.735069,0.0500
both,non_symmetric,1.0,1.0,binary,top50,2,10,1,0.932000,51.24,1.430836,18.728298,12.971466,37.031858,0.0469
both,non_symmetric,1.0,1.0,binary,top50,2,10,2,0.780000,53.60,1.299160,15.955273,15.489604,33.042747,0.0437
both,non_symmetric,1.0,1.0,binary,top50,2,10,3,0.704000,54.58,1.290404,15.704724,15.551542,31.714705,0.0469
both,non_symmetric,1.0,1.0,binary,top50,2,10,4,0.592000,54.86,1.278442,15.469398,15.679903,31.537872,0.0406
both,non_symmetric,1.0,1.0,binary,top50,4,20,1,1.976000,51.24,1.430836,18.728298,12.971466,37.031858,0.0469
both,non_symmetric,1.0,1.0,binary,top50,4,20,2,1.788000,53.94,1.267134,15.586985,16.140366,31.635844,0.0469
both,non_symmetric,1.0,1.0,binary,top50,4,20,3,1.808000,53.22,1.227414,14.222602,16.224772,29.635551,0.0469
both,non_symmetric,1.0,1.0,binary,top50,4,20,4,1.584000,53.54,1.244764,14.743614,16.006173,29.261234,0.0375
both,non_symmetric,1.0,1.0,binary,top50,4,20,5,1.232000,56.30,1.285302,14.640567,15.644907,28.811153,0.0469
both,non_symmetric,1.0,1.0,binary,top50,4,20,6,1.092000,59.56,1.372749,14.337576,15.398788,28.504949,0.0437
both,non_symmetric,1.0,1.0,binary,top50,4,20,7,0.928000,59.06,1.364700,14.985352,15.061999,27.944178,0.0500
both,non_symmetric,1.0,1.0,binary,top50,4,20,8,0.804000,60.64,1.300373,15.873709,14.749303,27.563075,0.0500
both,non_symmetric,1.0,1.0,binary,top50,4,20,9,0.724000,60.94,1.310017,15.466319,14.818862,27.312662,0.0469
both,non_symmetric,1.0,1.0,binary,top50,4,20,10,0.632000,62.42,1.352230,15.083178,14.691913,27.711630,0.0500
both,non_symmetric,1.0,1.0,binary,top50,4,20,11,0.588000,63.50,1.355741,15.316775,14.352101,27.636961,0.0500
both,non_symmetric,1.0,1.0,binary,top50,4,20,12,0.600000,63.40,1.367701,15.463838,14.252173,27.894645,0.0500
both,non_symmetric,1.0,1.0,binary,top50,4,20,13,0.592000,63.14,1.381291,15.691867,14.041851,27.869553,0.0531
both,non_symmetric,1.0,1.0,binary,top50,4,20,14,0.624000,62.92,1.374520,15.518442,13.927174,28.507196,0.0469
both,non_symmetric,1.0,1.0,binary,top50,4,20,15,0.652000,63.42,1.396323,15.445186,13.743929,28.655280,0.0500
both,non_symmetric,1.0,1.0,binary,top50,4,20,16,0.588000,64.00,1.413905,15.154899,13.600070,29.056227,0.0500
both,non_symmetric,1.0,1.0,binary,top50,4,20,17,0.600000,63.54,1.417133,15.157163,13.516158,29.082177,0.0500
both,non_symmetric,1.0,1.0,binary,top50,4,20,18,0.636000,63.30,1.410061,14.831436,13.519937,29.196326,0.0500
both,non_symmetric,1.0,1.0,binary,top50,4,20,19,0.584000,63.26,1.393188,15.012640,13.484352,29.541150,0.0469
both,non_symmetric,1.0,1.0,binary,top50,4,20,20,0.568000,63.44,1.377394,15.571754,13.403948,29.140520,0.0500
both,non_symmetric,1.0,1.0,binary,top50,4,20,21,0.592000,63.28,1.354495,15.421158,13.398662,29.303676,0.0500
both,non_symmetric,1.0,1.0,binary,top50,4,20,22,0.592000,63.30,1.320586,15.723785,13.381481,28.797825,0.0500
both,non_symmetric,1.0,1.0,binary,top50,4,20,23,0.580000,63.38,1.307546,15.811937,13.425473,29.588423,0.0500
both,non_symmetric,1.0,1.0,binary,top50,4,20,24,0.520000,64.10,1.300703,15.579955,13.396747,29.858534,0.0531
both,non_symmetric,1.0,1.0,binary,top50,8,40,1,3.864000,51.24,1.430836,18.728298,12.971466,37.031858,0.0469
both,non_symmetric,1.0,1.0,binary,top50,8,40,2,3.572000,53.28,1.278610,15.690787,15.918277,31.723741,0.0469
both,non_symmetric,1.0,1.0,binary,top50,8,40,3,3.216000,54.64,1.302115,15.136997,15.812825,30.645784,0.0469
both,non_symmetric,1.0,1.0,binary,top50,8,40,4,3.144000,56.46,1.311013,15.319887,15.556125,29.565244,0.0625
both,non_symmetric,1.0,1.0,binary,top50,8,40,5,2.704000,59.00,1.319646,15.583466,15.021180,28.780883,0.0469
both,non_symmetric,1.0,1.0,binary,top50,8,40,6,2.388000,59.72,1.330696,14.528879,14.753568,29.269869,0.0500
both,non_symmetric,1.0,1.0,binary,top50,8,40,7,2.056000,62.50,1.326345,14.710288,14.440268,29.275228,0.0469
both,non_symmetric,1.0,1.0,binary,top50,8,40,8,1.988000,63.88,1.324706,15.415639,14.123935,30.423632,0.0500
both,non_symmetric,1.0,1.0,binary,top50,8,40,9,1.556000,67.46,1.344890,16.036402,13.595914,29.688076,0.0500
both,non_symmetric,1.0,1.0,binary,top50,8,40,10,1.480000,67.42,1.369654,16.105500,13.293305,30.302318,0.0500
both,non_symmetric,1.0,1.0,binary,top50,8,40,11,1.424000,68.70,1.368245,15.431439,13.115879,30.656992,0.0500
both,non_symmetric,1.0,1.0,binary,top50,8,40,12,1.196000,69.86,1.364473,15.560920,13.109869,30.236879,0.0563
both,non_symmetric,1.0,1.0,binary,top50,8,40,13,1.216000,69.56,1.364703,15.472441,13.066720,31.081395,0.0500
both,non_symmetric,1.0,1.0,binary,top50,8,40,14,1.208000,70.22,1.426642,15.422086,12.402617,30.869491,0.0500
both,non_symmetric,1.0,1.0,binary,top50,8,40,15,1.256000,70.14,1.459290,15.278970,12.048253,30.773635,0.0437
both,non_symmetric,1.0,1.0,binary,top50,8,40,16,1.280000,70.12,1.470804,15.352164,11.946603,31.102074,0.0437
both,non_symmetric,1.0,1.0,binary,top50,8,40,17,1.312000,70.58,1.462358,15.579781,11.673514,31.879932,0.0437
both,non_symmetric,1.0,1.0,binary,top50,8,40,18,1.168000,71.92,1.476420,15.691959,11.372353,31.727175,0.0469
both,non_symmetric,1.0,1.0,binary,top50,8,40,19,1.088000,73.08,1.443685,16.047801,11.355944,32.066579,0.0469
both,non_symmetric,1.0,1.0,binary,top50,8,40,20,1.144000,72.56,1.456891,15.890683,11.226651,32.339091,0.0469
both,non_symmetric,1.0,1.0,binary,top50,8,40,21,1.128000,72.62,1.423915,16.420917,11.122187,32.033558,0.0469
both,non_symmetric,1.0,1.0,binary,top50,8,40,22,1.116000,72.76,1.412403,16.317680,11.051501,32.130288,0.0469
both,non_symmetric,1.0,1.0,binary,top50,8,40,23,1.048000,73.32,1.412512,16.589728,11.034690,32.379392,0.0469
both,non_symmetric,1.0,1.0,binary,top50,8,40,24,1.080000,72.72,1.432074,16.265741,11.079405,32.358543,0.0469
both,non_symmetric,1.0,1.0,binary,top50,8,40,25,1.028000,73.94,1.451774,16.632897,11.040238,32.601510,0.0437
both,non_symmetric,1.0,1.0,binary,top50,8,40,26,0.976000,74.62,1.469924,16.429271,11.042815,32.458656,0.0469
both,non_symmetric,1.0,1.0,binary,top50,8,40,27,0.960000,74.68,1.462616,16.633705,11.053405,32.661416,0.0469
both,non_symmetric,1.0,1.0,binary,top50,8,40,28,0.864000,75.20,1.472181,16.654123,10.987849,32.357078,0.0469
both,non_symmetric,1.0,1.0,binary,top50,8,40,29,0.756000,76.42,1.469675,16.897978,10.979625,32.576272,0.0469
both,non_symmetric,1.0,1.0,binary,top50,8,40,30,0.844000,75.78,1.476830,16.745246,10.893726,32.509197,0.0500
both,non_symmetric,1.0,1.0,binary,top50,8,40,31,0.816000,75.82,1.451387,16.852761,10.939709,32.719769,0.0469
both,non_symmetric,1.0,1.0,binary,top50,8,40,32,0.748000,76.60,1.445767,16.724040,10.943764,32.762941,0.0437
both,non_symmetric,1.0,1.0,margin,top50,1,5,1,1.713215,51.24,1.430836,18.728298,12.971466,37.031858,0.0531
both,non_symmetric,1.0,1.0,margin,top50,1,5,2,0.946257,51.16,1.284217,16.271367,15.831416,32.544114,0.0531
both,non_symmetric,1.0,1.0,margin,top50,1,5,3,0.748511,53.76,1.262823,15.237115,16.111402,30.584467,0.0500
both,non_symmetric,1.0,1.0,margin,top50,1,5,4,0.701606,54.20,1.265046,15.310565,15.878262,30.471856,0.0500
both,non_symmetric,1.0,1.0,margin,top50,2,10,1,3.286475,51.24,1.430836,18.728298,12.971466,37.031858,0.0437
both,non_symmetric,1.0,1.0,margin,top50,2,10,2,2.104975,54.40,1.273439,15.507100,15.787909,32.071023,0.0500
both,non_symmetric,1.0,1.0,margin,top50,2,10,3,1.650042,54.74,1.228992,14.670223,15.940082,29.874843,0.0531
both,non_symmetric,1.0,1.0,margin,top50,2,10,4,1.004096,56.26,1.242882,14.095680,16.287514,29.379067,0.0469
both,non_symmetric,1.0,1.0,margin,top50,2,10,5,0.976271,56.10,1.256249,13.825044,15.973417,29.667837,0.0500
both,non_symmetric,1.0,1.0,margin,top50,2,10,6,0.730342,57.96,1.245624,12.992182,15.809782,29.631191,0.0531
both,non_symmetric,1.0,1.0,margin,top50,2,10,7,0.769373,58.20,1.289791,12.841679,15.738323,29.798457,0.0437
both,non_symmetric,1.0,1.0,margin,top50,2,10,8,0.778412,57.88,1.288369,12.854692,15.580619,30.000287,0.0469
both,non_symmetric,1.0,1.0,margin,top50,2,10,9,0.822082,57.70,1.290539,12.935412,15.563273,30.291178,0.0469
both,non_symmetric,1.0,1.0,margin,top50,2,10,10,0.830767,57.88,1.263889,12.977824,15.536599,30.286300,0.0437
both,non_symmetric,1.0,1.0,margin,top50,2,10,11,0.675445,58.90,1.267470,12.722618,15.592201,30.156244,0.0469
both,non_symmetric,1.0,1.0,margin,top50,2,10,12,0.596640,59.36,1.280138,12.461592,15.672198,29.686480,0.0469
both,non_symmetric,1.0,1.0,margin,top50,4,20,1,6.913955,51.24,1.430836,18.728298,12.971466,37.031858,0.0563
both,non_symmetric,1.0,1.0,margin,top50,4,20,2,4.757768,52.30,1.230410,15.416846,16.039445,31.735872,0.0563
both,non_symmetric,1.0,1.0,margin,top50,4,20,3,4.052115,54.36,1.222970,14.941723,15.798630,30.745203,0.0594
both,non_symmetric,1.0,1.0,margin,top50,4,20,4,3.706130,52.18,1.257458,14.108990,15.498161,30.295233,0.0531
both,non_symmetric,1.0,1.0,margin,top50,4,20,5,3.378450,55.42,1.289824,14.232249,14.934580,29.822438,0.0594
both,non_symmetric,1.0,1.0,margin,top50,4,20,6,2.790229,54.80,1.327170,13.610881,14.601910,29.369340,0.0781
both,non_symmetric,1.0,1.0,margin,top50,4,20,7,2.515779,56.02,1.336018,13.187056,14.217326,30.249549,0.0688
both,non_symmetric,1.0,1.0,margin,top50,4,20,8,2.296082,57.24,1.282680,13.176658,13.856278,31.235644,0.0688
both,non_symmetric,1.0,1.0,margin,top50,4,20,9,1.675140,58.56,1.235493,13.739826,13.647015,31.331361,0.0625
both,non_symmetric,1.0,1.0,margin,top50,4,20,10,1.752070,59.36,1.250444,13.839302,13.606507,31.962039,0.0719
both,non_symmetric,1.0,1.0,margin,top50,4,20,11,1.255879,59.46,1.321088,14.108941,13.280754,32.028569,0.0656
both,non_symmetric,1.0,1.0,margin,top50,4,20,12,1.239267,61.82,1.345836,13.810669,13.448984,32.077553,0.0688
both,non_symmetric,1.0,1.0,margin,top50,4,20,13,0.938500,63.64,1.356493,13.969232,13.190964,32.465365,0.0625
both,non_symmetric,1.0,1.0,margin,top50,4,20,14,0.823759,64.38,1.382953,13.833345,12.944177,32.290951,0.0625
both,non_symmetric,1.0,1.0,margin,top50,4,20,15,0.854615,64.00,1.400282,13.480945,12.887883,31.806667,0.0625
both,non_symmetric,1.0,1.0,margin,top50,4,20,16,0.789819,64.00,1.415770,13.492521,12.794314,31.612533,0.0625
both,non_symmetric,1.0,1.0,margin,top50,4,20,17,0.770460,64.06,1.422058,13.697014,12.752145,31.604794,0.0594
both,non_symmetric,1.0,1.0,margin,top50,4,20,18,0.772333,65.00,1.420809,13.998873,12.757853,31.932040,0.0625
both,non_symmetric,1.0,1.0,margin,top50,4,20,19,0.629604,65.64,1.410379,14.096267,12.748930,32.036906,0.0594
both,non_symmetric,1.0,1.0,margin,top50,4,20,20,0.781238,64.92,1.398681,14.302018,12.711536,32.248729,0.0656
both,non_symmetric,1.0,1.0,margin,top50,4,20,21,0.725515,64.38,1.411100,13.984281,12.807186,31.956714,0.0656
both,non_symmetric,1.0,1.0,margin,top50,4,20,22,0.656791,65.04,1.408441,14.066104,12.680509,32.137271,0.0625
both,non_symmetric,1.0,1.0,margin,top50,4,20,23,0.689142,64.70,1.389824,14.376678,12.746563,32.345960,0.0625
both,non_symmetric,1.0,1.0,margin,top50,4,20,24,0.746549,65.28,1.406880,14.622573,12.640323,32.583831,0.0656
both,non_symmetric,1.0,1.0,margin,top50,8,40,1,13.202423,51.24,1.430836,18.728298,12.971466,37.031858,0.0625
both,non_symmetric,1.0,1.0,margin,top50,8,40,2,10.080779,53.78,1.226314,14.400466,15.825383,32.734968,0.0656
both,non_symmetric,1.0,1.0,margin,top50,8,40,3,8.680955,56.24,1.205903,13.541702,16.121881,31.106449,0.0656
both,non_symmetric,1.0,1.0,margin,top50,8,40,4,7.819026,59.12,1.239328,13.944205,15.771295,30.104352,0.0563
both,non_symmetric,1.0,1.0,margin,top50,8,40,5,6.959037,57.68,1.266951,13.438818,15.619415,30.745531,0.0750
both,non_symmetric,1.0,1.0,margin,top50,8,40,6,6.315696,60.24,1.239786,13.508709,15.396457,30.516810,0.0531
both,non_symmetric,1.0,1.0,margin,top50,8,40,7,5.508342,60.96,1.228075,12.963983,15.192813,30.658797,0.0656
both,non_symmetric,1.0,1.0,margin,top50,8,40,8,5.259489,63.44,1.166027,12.680561,15.460294,31.551070,0.0813
both,non_symmetric,1.0,1.0,margin,top50,8,40,9,3.813174,67.66,1.221556,12.126646,15.396805,31.288078,0.0656
both,non_symmetric,1.0,1.0,margin,top50,8,40,10,3.292609,69.76,1.227584,11.148239,15.493514,31.678817,0.0688
both,non_symmetric,1.0,1.0,margin,top50,8,40,11,2.159107,71.86,1.256451,10.755885,15.427591,31.130951,0.0750
both,non_symmetric,1.0,1.0,margin,top50,8,40,12,1.762981,74.36,1.304307,10.748484,15.145282,31.020056,0.0625
both,non_symmetric,1.0,1.0,margin,top50,8,40,13,1.457880,73.64,1.342422,10.288570,14.186231,30.431021,0.0781
both,non_symmetric,1.0,1.0,margin,top50,8,40,14,1.215027,74.18,1.384461,10.214336,13.736361,29.841388,0.0813
both,non_symmetric,1.0,1.0,margin,top50,8,40,15,1.293348,74.66,1.389596,10.384949,13.609895,29.906806,0.0594
both,non_symmetric,1.0,1.0,margin,top50,8,40,16,0.944215,76.04,1.393354,10.028818,13.398067,29.664846,0.0750
both,non_symmetric,1.0,1.0,margin,top50,8,40,17,0.948578,75.46,1.418833,10.118017,13.204390,29.787513,0.0656
both,non_symmetric,1.0,1.0,margin,top50,8,40,18,0.871205,75.62,1.438398,10.258759,13.121495,30.215735,0.0688
both,non_symmetric,1.0,1.0,margin,top50,8,40,19,0.968255,75.34,1.455624,10.318409,13.044710,30.500570,0.0656
both,non_symmetric,1.0,1.0,margin,top50,8,40,20,0.806601,75.90,1.449550,10.214898,12.959346,29.910114,0.0625
both,non_symmetric,1.0,1.0,margin,top50,8,40,21,0.833950,75.50,1.448108,10.252162,12.801425,29.939001,0.0656
both,non_symmetric,1.0,1.0,margin,top50,8,40,22,0.916039,74.84,1.401351,10.024753,12.890302,29.939247,0.0656
both,non_symmetric,1.0,1.0,margin,top50,8,40,23,0.933041,75.18,1.414277,10.323662,12.857761,30.292240,0.0656
both,non_symmetric,1.0,1.0,margin,top50,8,40,24,0.846291,75.34,1.455887,10.231300,12.742914,30.059294,0.0625
both,non_symmetric,1.0,1.0,margin,top50,8,40,25,0.578484,75.66,1.469511,10.354804,12.850009,30.147370,0.0625
both,non_symmetric,1.0,1.0,margin,top50,8,40,26,0.511698,76.08,1.462848,10.421585,12.913145,30.356003,0.0656
both,non_symmetric,1.0,1.0,softmax,top50,1,5,1,1.359765,51.24,1.430836,18.728298,12.971466,37.031858,0.0563
both,non_symmetric,1.0,1.0,softmax,top50,1,5,2,0.757600,51.16,1.284217,16.271367,15.831416,32.544114,0.0531
both,non_symmetric,1.0,1.0,softmax,top50,1,5,3,0.620692,53.38,1.272155,15.265269,16.037552,30.532736,0.0500
both,non_symmetric,1.0,1.0,softmax,top50,1,5,4,0.317463,55.42,1.307639,14.259295,16.054669,29.645264,0.0531
both,non_symmetric,1.0,1.0,softmax,top50,1,5,5,0.239805,55.22,1.356561,12.901438,15.687819,29.499419,0.0594
both,non_symmetric,1.0,1.0,softmax,top50,1,5,6,0.223928,57.04,1.390480,13.337681,15.159904,29.624426,0.0469
both,non_symmetric,1.0,1.0,softmax,top50,1,5,7,0.179393,56.52,1.438943,13.105086,14.827218,29.673716,0.0500
both,non_symmetric,1.0,1.0,softmax,top50,1,5,8,0.239945,56.68,1.446743,13.715713,14.663611,29.395811,0.0469
both,non_symmetric,1.0,1.0,softmax,top50,1,5,9,0.178596,56.48,1.429350,14.171856,14.655791,29.242280,0.0469
both,non_symmetric,1.0,1.0,softmax,top50,1,5,10,0.129166,56.02,1.429632,14.247313,14.640364,29.535543,0.0469
both,non_symmetric,1.0,1.0,softmax,top50,2,10,1,2.607665,51.24,1.430836,18.728298,12.971466,37.031858,0.0594
both,non_symmetric,1.0,1.0,softmax,top50,2,10,2,1.792376,52.38,1.227786,15.689182,15.870662,32.263363,0.0563
both,non_symmetric,1.0,1.0,softmax,top50,2,10,3,1.252857,53.92,1.199836,14.583889,16.007415,30.627318,0.0656
both,non_symmetric,1.0,1.0,softmax,top50,2,10,4,0.969159,56.24,1.194798,14.802600,16.101835,30.133464,0.0500
both,non_symmetric,1.0,1.0,softmax,top50,2,10,5,0.787632,56.94,1.251768,13.744115,15.726454,29.824296,0.0563
both,non_symmetric,1.0,1.0,softmax,top50,2,10,6,0.542044,57.26,1.240846,13.774678,15.031031,30.826778,0.0500
both,non_symmetric,1.0,1.0,softmax,top50,2,10,7,0.404056,59.22,1.240511,13.194562,14.879645,30.938955,0.0531
both,non_symmetric,1.0,1.0,softmax,top50,2,10,8,0.329380,59.32,1.295367,13.705539,14.316782,31.331126,0.0500
both,non_symmetric,1.0,1.0,softmax,top50,2,10,9,0.400655,60.24,1.319605,13.813457,14.338885,31.848268,0.0563
both,non_symmetric,1.0,1.0,softmax,top50,2,10,10,0.392450,59.40,1.329948,14.164420,14.302675,31.951810,0.0594
both,non_symmetric,1.0,1.0,softmax,top50,2,10,11,0.393687,59.82,1.344382,14.364330,14.174402,32.219165,0.0625
both,non_symmetric,1.0,1.0,softmax,top50,4,20,1,5.503259,51.24,1.430836,18.728298,12.971466,37.031858,0.0625
both,non_symmetric,1.0,1.0,softmax,top50,4,20,2,3.864881,52.20,1.244160,15.130112,15.976087,32.210295,0.0750
both,non_symmetric,1.0,1.0,softmax,top50,4,20,3,3.546719,54.02,1.213045,14.591628,15.696938,30.645929,0.0625
both,non_symmetric,1.0,1.0,softmax,top50,4,20,4,3.364393,54.78,1.203303,14.886936,15.125287,29.977538,0.0625
both,non_symmetric,1.0,1.0,softmax,top50,4,20,5,3.063610,56.26,1.233376,15.148512,14.533745,29.039722,0.0719
both,non_symmetric,1.0,1.0,softmax,top50,4,20,6,2.838124,57.14,1.249933,14.747548,14.108270,29.233417,0.0656
both,non_symmetric,1.0,1.0,softmax,top50,4,20,7,2.344855,59.62,1.304202,14.996037,13.467478,28.996015,0.0656
both,non_symmetric,1.0,1.0,softmax,top50,4,20,8,2.029391,61.90,1.287405,14.236706,13.365330,29.946326,0.0625
both,non_symmetric,1.0,1.0,softmax,top50,4,20,9,1.482234,64.50,1.325285,13.357384,13.244435,28.891191,0.0656
both,non_symmetric,1.0,1.0,softmax,top50,4,20,10,1.342942,63.64,1.371245,12.779321,12.980176,29.899802,0.0625
both,non_symmetric,1.0,1.0,softmax,top50,4,20,11,1.021309,65.20,1.396097,13.166972,12.563003,30.592853,0.0688
both,non_symmetric,1.0,1.0,softmax,top50,4,20,12,0.944235,65.48,1.396253,13.625843,12.417270,30.674602,0.0625
both,non_symmetric,1.0,1.0,softmax,top50,4,20,13,1.067389,65.60,1.404475,13.980073,12.227714,31.196966,0.0594
both,non_symmetric,1.0,1.0,softmax,top50,4,20,14,0.894168,66.54,1.447889,14.081814,12.014882,31.518795,0.0594
both,non_symmetric,1.0,1.0,softmax,top50,4,20,15,0.950436,67.10,1.440335,14.010037,11.829377,30.771346,0.0531
both,non_symmetric,1.0,1.0,softmax,top50,4,20,16,0.729960,66.74,1.434462,13.633535,11.780946,30.372679,0.0563
both,non_symmetric,1.0,1.0,softmax,top50,4,20,17,0.747440,66.90,1.457697,13.741730,11.855861,30.538653,0.0625
both,non_symmetric,1.0,1.0,softmax,top50,4,20,18,0.649030,67.46,1.484452,14.185081,11.752188,30.673230,0.0594
both,non_symmetric,1.0,1.0,softmax,top50,4,20,19,0.652999,67.44,1.479467,14.255858,11.718004,30.671763,0.0531
both,non_symmetric,1.0,1.0,softmax,top50,4,20,20,0.724786,66.98,1.463513,14.382331,11.663054,31.050527,0.0563
both,non_symmetric,1.0,1.0,softmax,top50,4,20,21,0.620531,67.24,1.441384,13.950893,11.621958,30.621123,0.0563
both,non_symmetric,1.0,1.0,softmax,top50,4,20,22,0.667845,67.84,1.461611,14.111860,11.504730,30.402494,0.0563
both,non_symmetric,1.0,1.0,softmax,top50,4,20,23,0.559287,67.66,1.472435,14.043637,11.550497,30.276139,0.0531
both,non_symmetric,1.0,1.0,softmax,top50,4,20,24,0.615223,68.46,1.456103,14.113737,11.545644,30.247894,0.0594
both,non_symmetric,1.0,1.0,softmax,top50,4,20,25,0.535707,68.16,1.441573,13.951410,11.529249,30.009791,0.0563
both,non_symmetric,1.0,1.0,softmax,top50,4,20,26,0.526051,67.42,1.433786,14.161148,11.527217,29.639120,0.0531
both,non_symmetric,1.0,1.0,softmax,top50,4,20,27,0.524163,68.06,1.425983,14.216960,11.480037,29.656908,0.0563
both,non_symmetric,1.0,1.0,softmax,top50,4,20,28,0.516920,68.40,1.432714,14.298375,11.377037,29.488949,0.0531
both,non_symmetric,1.0,1.0,softmax,top50,4,20,29,0.505105,69.12,1.450623,14.015695,11.310456,28.896770,0.0563
both,non_symmetric,1.0,1.0,softmax,top50,8,40,1,10.488878,51.24,1.430836,18.728298,12.971466,37.031858,0.0656
both,non_symmetric,1.0,1.0,softmax,top50,8,40,2,8.068572,52.74,1.212923,15.234392,15.979633,32.304950,0.0656
both,non_symmetric,1.0,1.0,softmax,top50,8,40,3,7.341056,52.58,1.231346,15.736567,15.951729,30.318935,0.0500
both,non_symmetric,1.0,1.0,softmax,top50,8,40,4,6.413788,57.24,1.254395,16.753613,15.177570,29.432759,0.0563
both,non_symmetric,1.0,1.0,softmax,top50,8,40,5,6.123047,58.22,1.271059,16.880388,14.080279,28.982084,0.0531
both,non_symmetric,1.0,1.0,softmax,top50,8,40,6,5.860143,61.02,1.304384,16.767541,13.587340,29.204641,0.0625
both,non_symmetric,1.0,1.0,softmax,top50,8,40,7,6.096113,61.76,1.359907,17.377328,12.857303,29.390601,0.0719
both,non_symmetric,1.0,1.0,softmax,top50,8,40,8,5.281827,63.78,1.362009,18.327370,12.428985,28.908142,0.0594
both,non_symmetric,1.0,1.0,softmax,top50,8,40,9,4.766054,65.36,1.421219,18.271171,12.368265,28.924216,0.0688
both,non_symmetric,1.0,1.0,softmax,top50,8,40,10,4.425344,67.82,1.426095,18.322292,12.197059,29.593383,0.0563
both,non_symmetric,1.0,1.0,softmax,top50,8,40,11,3.975243,69.06,1.364578,18.868037,12.056740,29.981091,0.0656
both,non_symmetric,1.0,1.0,softmax,top50,8,40,12,3.566930,68.98,1.360577,19.149787,11.956868,30.738073,0.0469
both,non_symmetric,1.0,1.0,softmax,top50,8,40,13,3.083220,72.34,1.331035,19.203189,12.181690,31.559916,0.0625
both,non_symmetric,1.0,1.0,softmax,top50,8,40,14,2.639732,73.66,1.389626,18.909936,11.990499,32.467661,0.0563
both,non_symmetric,1.0,1.0,softmax,top50,8,40,15,2.595292,73.66,1.405744,19.369450,11.699783,32.143229,0.0531
both,non_symmetric,1.0,1.0,softmax,top50,8,40,16,2.350353,75.22,1.422390,19.267492,11.590640,32.097023,0.0594
both,non_symmetric,1.0,1.0,softmax,top50,8,40,17,2.133487,74.76,1.408033,19.358679,11.399674,32.896653,0.0688
both,non_symmetric,1.0,1.0,softmax,top50,8,40,18,2.004098,76.34,1.393023,19.579611,11.812455,33.254893,0.0531
both,non_symmetric,1.0,1.0,softmax,top50,8,40,19,1.991920,76.72,1.404920,19.533439,11.621020,33.319998,0.0469
both,non_symmetric,1.0,1.0,softmax,top50,8,40,20,1.897587,77.30,1.400509,19.778692,11.538014,33.540766,0.0500
both,non_symmetric,1.0,1.0,softmax,top50,8,40,21,1.877701,76.86,1.402959,19.674916,11.435306,33.642304,0.0500
both,non_symmetric,1.0,1.0,softmax,top50,8,40,22,1.878497,76.76,1.402830,19.761560,11.430527,33.629016,0.0500
both,non_symmetric,1.0,1.0,regret,top50,1,5,1,1.102090,51.24,1.430836,18.728298,12.971466,37.031858,0.0594
both,non_symmetric,1.0,1.0,regret,top50,1,5,2,0.902584,50.92,1.428651,18.533364,13.581650,36.111606,0.0594
both,non_symmetric,1.0,1.0,regret,top50,2,10,1,2.054575,51.24,1.430836,18.728298,12.971466,37.031858,0.0563
both,non_symmetric,1.0,1.0,regret,top50,2,10,2,1.360812,52.78,1.259818,15.485074,15.390415,33.180623,0.0563
both,non_symmetric,1.0,1.0,regret,top50,2,10,3,0.991030,52.58,1.240666,14.331267,15.484283,32.119090,0.0531
both,non_symmetric,1.0,1.0,regret,top50,2,10,4,0.891841,53.38,1.247893,14.086029,15.243856,31.837536,0.0563
both,non_symmetric,1.0,1.0,regret,top50,2,10,5,0.853258,52.86,1.246886,14.547014,15.199166,31.829522,0.0531
both,non_symmetric,1.0,1.0,regret,top50,2,10,6,0.865218,53.16,1.246035,14.478892,14.968028,32.209207,0.0531
both,non_symmetric,1.0,1.0,regret,top50,4,20,1,4.382550,51.24,1.430836,18.728298,12.971466,37.031858,0.0625
both,non_symmetric,1.0,1.0,regret,top50,4,20,2,2.577449,50.96,1.224237,14.986077,15.989090,32.189410,0.0563
both,non_symmetric,1.0,1.0,regret,top50,4,20,3,1.983321,53.68,1.234048,14.337609,15.827307,30.597039,0.0594
both,non_symmetric,1.0,1.0,regret,top50,4,20,4,1.698377,53.80,1.238510,14.474167,15.279484,30.102934,0.0594
both,non_symmetric,1.0,1.0,regret,top50,4,20,5,1.436978,53.42,1.290926,14.407835,14.704789,30.320344,0.0656
both,non_symmetric,1.0,1.0,regret,top50,4,20,6,1.465278,53.14,1.313425,15.583591,14.054132,30.395083,0.0688
both,non_symmetric,1.0,1.0,regret,top50,4,20,7,1.591903,52.58,1.346937,15.620298,13.714775,30.824081,0.0563
both,non_symmetric,1.0,1.0,regret,top50,4,20,8,1.374779,55.88,1.357567,16.818847,12.991689,30.385701,0.0688
both,non_symmetric,1.0,1.0,regret,top50,4,20,9,1.282729,55.26,1.362107,16.862123,12.583909,31.242668,0.0750
both,non_symmetric,1.0,1.0,regret,top50,4,20,10,0.970621,55.86,1.404166,17.499736,11.888393,31.084143,0.0781
both,non_symmetric,1.0,1.0,regret,top50,4,20,11,0.924306,57.18,1.437256,17.806722,11.530161,31.325750,0.0813
both,non_symmetric,1.0,1.0,regret,top50,4,20,12,0.900723,57.54,1.413834,17.640400,11.563427,31.394035,0.0750
both,non_symmetric,1.0,1.0,regret,top50,4,20,13,0.994177,58.94,1.422121,18.469877,11.217391,31.134362,0.0750
both,non_symmetric,1.0,1.0,regret,top50,4,20,14,1.019611,58.38,1.477136,18.102732,10.955237,31.712402,0.0781
both,non_symmetric,1.0,1.0,regret,top50,4,20,15,0.964841,59.86,1.487635,18.424522,10.656641,31.576226,0.0750
both,non_symmetric,1.0,1.0,regret,top50,4,20,16,0.811048,60.06,1.541893,18.567284,10.430499,31.586180,0.0844
both,non_symmetric,1.0,1.0,regret,top50,4,20,17,0.737662,62.18,1.555339,18.667906,10.221027,31.966993,0.0719
both,non_symmetric,1.0,1.0,regret,top50,4,20,18,0.670807,62.10,1.572400,18.655661,10.136593,31.796822,0.0719
both,non_symmetric,1.0,1.0,regret,top50,4,20,19,0.779526,62.28,1.585543,19.017399,10.055794,31.838405,0.0656
both,non_symmetric,1.0,1.0,regret,top50,4,20,20,0.575229,63.02,1.567071,19.299017,9.993547,31.524118,0.0688
both,non_symmetric,1.0,1.0,regret,top50,8,40,1,8.229801,51.24,1.430836,18.728298,12.971466,37.031858,0.0594
both,non_symmetric,1.0,1.0,regret,top50,8,40,2,5.528469,52.36,1.250515,14.768151,16.033566,32.189102,0.0625
both,non_symmetric,1.0,1.0,regret,top50,8,40,3,4.564066,55.10,1.260953,14.613415,15.981832,30.666595,0.0656
both,non_symmetric,1.0,1.0,regret,top50,8,40,4,3.962577,55.54,1.268001,15.200894,15.240282,29.626721,0.0563
both,non_symmetric,1.0,1.0,regret,top50,8,40,5,3.968633,55.62,1.300016,15.435443,14.524772,30.719025,0.0531
both,non_symmetric,1.0,1.0,regret,top50,8,40,6,3.573038,56.56,1.344190,15.322218,14.151074,30.299375,0.0594
both,non_symmetric,1.0,1.0,regret,top50,8,40,7,4.251693,57.70,1.379997,15.153410,12.873383,30.093216,0.0500
both,non_symmetric,1.0,1.0,regret,top50,8,40,8,3.719816,57.70,1.406095,16.458154,12.136463,29.917938,0.0563
both,non_symmetric,1.0,1.0,regret,top50,8,40,9,2.963335,60.04,1.461768,17.181898,11.333610,29.978497,0.0500
both,non_symmetric,1.0,1.0,regret,top50,8,40,10,2.907807,59.10,1.527832,17.457726,10.454414,28.845455,0.0563
both,non_symmetric,1.0,1.0,regret,top50,8,40,11,2.065188,59.86,1.564458,18.231853,9.737326,27.636481,0.0625
both,non_symmetric,1.0,1.0,regret,top50,8,40,12,2.117395,62.34,1.581841,18.813217,9.375695,27.777048,0.0594
both,non_symmetric,1.0,1.0,regret,top50,8,40,13,1.463818,64.64,1.557398,19.344161,9.032531,27.394391,0.0594
both,non_symmetric,1.0,1.0,regret,top50,8,40,14,1.262275,65.20,1.609141,19.414093,8.328523,26.585726,0.0469
both,non_symmetric,1.0,1.0,regret,top50,8,40,15,1.110505,67.18,1.625894,20.413739,7.661888,26.541529,0.0594
both,non_symmetric,1.0,1.0,regret,top50,8,40,16,1.515810,68.76,1.649874,20.265386,7.407253,27.200984,0.0563
both,non_symmetric,1.0,1.0,regret,top50,8,40,17,1.097575,69.22,1.655385,20.334354,7.060026,26.671244,0.0594
both,non_symmetric,1.0,1.0,regret,top50,8,40,18,0.772628,70.82,1.661563,20.298959,6.881343,26.919707,0.0531
both,non_symmetric,1.0,1.0,regret,top50,8,40,19,0.709979,70.88,1.716737,19.998678,6.845335,26.658377,0.0531
both,non_symmetric,1.0,1.0,regret,top50,8,40,20,0.769015,70.54,1.749349,20.198745,6.626033,26.364477,0.0563
both,non_symmetric,1.0,1.0,regret,top50,8,40,21,0.568611,73.26,1.732329,20.508982,6.655656,26.587535,0.0531
both,non_symmetric,1.0,1.0,regret,top50,8,40,22,0.574483,72.62,1.709756,20.386577,6.533986,26.443515,0.0531
both,non_symmetric,1.0,1.0,regret,top50,8,40,23,0.560392,71.98,1.723758,20.394784,6.552478,26.798737,0.0531
both,non_symmetric,1.0,1.0,regret,top50,8,40,24,0.405989,71.80,1.724690,20.568372,6.556204,26.943134,0.0531
both,non_symmetric,1.0,1.0,regret,top50,8,40,25,0.227007,72.04,1.747725,20.503702,6.551653,27.243262,0.0563
both,non_symmetric,1.0,1.0,regret,top50,8,40,26,0.375411,72.32,1.753423,20.469998,6.452672,27.032172,0.0531
both,non_symmetric,1.0,1.0,regret,top50,8,40,27,0.177045,72.50,1.744905,20.498323,6.482750,27.108611,0.0531
both,non_symmetric,1.0,1.0,regret,top50,8,40,28,0.291741,72.62,1.750085,20.439279,6.454458,26.999831,0.0531
both,non_symmetric,1.0,1.0,regret,top50,8,40,29,0.150000,72.28,1.793742,20.436405,6.393347,26.974456,0.0563
both,non_symmetric,1.0,1.0,regret,top50,8,40,30,0.166991,73.20,1.772928,20.419737,6.396797,27.185439,0.0563
both,non_symmetric,1.0,1.0,regret,top50,8,40,31,0.139253,73.66,1.801408,20.379092,6.439039,27.204464,0.0563
both,non_symmetric,1.0,1.0,regret,top50,8,40,32,0.119314,73.68,1.822646,20.400418,6.437094,27.205892,0.0531
both,non_symmetric,1.0,1.0,regret,top50,8,40,33,0.110669,74.22,1.816598,20.475815,6.388882,27.305477,0.0531
both,non_symmetric,1.0,1.0,regret,top50,8,40,34,0.130299,73.66,1.815587,20.569745,6.503131,27.392076,0.0563
both,non_symmetric,1.0,1.0,regret,top50,8,40,35,0.176977,74.10,1.817132,20.510971,6.393010,27.374906,0.0531
both,non_symmetric,1.0,1.0,entropy,top50,1,5,1,1.399330,51.24,1.430836,18.728298,12.971466,37.031858,0.0594
both,non_symmetric,1.0,1.0,entropy,top50,1,5,2,0.803897,51.16,1.284217,16.271367,15.831416,32.544114,0.0594
both,non_symmetric,1.0,1.0,entropy,top50,1,5,3,0.659558,53.38,1.272155,15.265269,16.037552,30.532736,0.0625
both,non_symmetric,1.0,1.0,entropy,top50,1,5,4,0.347203,55.42,1.307639,14.259295,16.054669,29.645264,0.0531
both,non_symmetric,1.0,1.0,entropy,top50,1,5,5,0.262867,55.48,1.359110,13.229824,15.661634,29.130694,0.0656
both,non_symmetric,1.0,1.0,entropy,top50,1,5,6,0.257024,57.02,1.393055,13.453767,15.180696,29.467070,0.0719
both,non_symmetric,1.0,1.0,entropy,top50,1,5,7,0.211533,56.50,1.441519,13.221172,14.848010,29.516361,0.0656
both,non_symmetric,1.0,1.0,entropy,top50,1,5,8,0.271533,56.66,1.449318,13.831800,14.684403,29.238455,0.0656
both,non_symmetric,1.0,1.0,entropy,top50,1,5,9,0.209174,56.46,1.431926,14.287943,14.676584,29.084925,0.0688
both,non_symmetric,1.0,1.0,entropy,top50,1,5,10,0.158761,56.00,1.432208,14.363399,14.661156,29.378187,0.0719
both,non_symmetric,1.0,1.0,entropy,top50,2,10,1,2.690468,51.24,1.430836,18.728298,12.971466,37.031858,0.0688
both,non_symmetric,1.0,1.0,entropy,top50,2,10,2,1.919032,51.66,1.215814,15.794330,15.877342,32.116114,0.0688
both,non_symmetric,1.0,1.0,entropy,top50,2,10,3,1.437164,54.30,1.188812,14.653789,16.077037,30.107717,0.0688
both,non_symmetric,1.0,1.0,entropy,top50,2,10,4,1.170287,55.02,1.180913,15.354661,15.735762,29.285524,0.0563
both,non_symmetric,1.0,1.0,entropy,top50,2,10,5,1.038674,56.58,1.224297,14.680000,15.545336,29.425114,0.0594
both,non_symmetric,1.0,1.0,entropy,top50,2,10,6,0.941360,58.50,1.204472,14.424969,14.953084,29.486083,0.0688
both,non_symmetric,1.0,1.0,entropy,top50,2,10,7,0.673091,60.44,1.217707,14.887543,14.756082,30.181263,0.0750
both,non_symmetric,1.0,1.0,entropy,top50,2,10,8,0.572135,59.66,1.224878,15.667762,14.542248,30.484343,0.0656
both,non_symmetric,1.0,1.0,entropy,top50,2,10,9,0.508836,58.86,1.281205,15.892590,14.501111,30.811560,0.0625
both,non_symmetric,1.0,1.0,entropy,top50,2,10,10,0.353244,60.48,1.278581,15.644409,14.630696,31.196483,0.0688
both,non_symmetric,1.0,1.0,entropy,top50,2,10,11,0.347027,60.24,1.261190,15.135928,14.577254,31.019302,0.0719
both,non_symmetric,1.0,1.0,entropy,top50,4,20,1,5.670180,51.24,1.430836,18.728298,12.971466,37.031858,0.0594
both,non_symmetric,1.0,1.0,entropy,top50,4,20,2,3.947994,52.38,1.243033,15.317301,15.998987,32.058584,0.0688
both,non_symmetric,1.0,1.0,entropy,top50,4,20,3,3.641999,53.98,1.236826,15.032300,15.883544,30.982122,0.0625
both,non_symmetric,1.0,1.0,entropy,top50,4,20,4,3.561328,54.24,1.229131,15.255525,15.061128,30.353078,0.0563
both,non_symmetric,1.0,1.0,entropy,top50,4,20,5,3.255803,55.64,1.247301,15.559583,14.508719,30.305699,0.0563
both,non_symmetric,1.0,1.0,entropy,top50,4,20,6,3.067909,56.96,1.266397,15.899888,14.003263,29.716071,0.0563
both,non_symmetric,1.0,1.0,entropy,top50,4,20,7,2.516465,58.58,1.262489,15.551385,13.661696,29.787683,0.0625
both,non_symmetric,1.0,1.0,entropy,top50,4,20,8,2.507277,60.10,1.284075,15.577371,13.436777,30.856821,0.0594
both,non_symmetric,1.0,1.0,entropy,top50,4,20,9,1.845245,61.80,1.346941,15.547222,13.261534,30.306971,0.0656
both,non_symmetric,1.0,1.0,entropy,top50,4,20,10,1.540946,63.06,1.398688,14.608579,13.027702,30.741837,0.0594
both,non_symmetric,1.0,1.0,entropy,top50,4,20,11,1.475281,62.72,1.409378,14.919539,12.695844,31.540332,0.0625
both,non_symmetric,1.0,1.0,entropy,top50,4,20,12,1.399141,63.06,1.430329,15.004934,12.659611,32.232252,0.0563
both,non_symmetric,1.0,1.0,entropy,top50,4,20,13,1.311772,63.58,1.434978,15.352823,12.345011,31.854202,0.0625
both,non_symmetric,1.0,1.0,entropy,top50,4,20,14,1.215832,62.86,1.450496,15.387363,12.478882,32.542313,0.0594
both,non_symmetric,1.0,1.0,entropy,top50,4,20,15,0.983966,63.62,1.468155,15.100738,12.632412,32.569143,0.0594
both,non_symmetric,1.0,1.0,entropy,top50,4,20,16,1.034620,62.34,1.485786,14.891443,12.555110,32.391604,0.0656
both,non_symmetric,1.0,1.0,entropy,top50,4,20,17,0.984941,63.34,1.495893,14.569588,12.491524,32.509334,0.0594
both,non_symmetric,1.0,1.0,entropy,top50,4,20,18,0.997962,63.02,1.515689,14.721189,12.428773,32.296629,0.0625
both,non_symmetric,1.0,1.0,entropy,top50,4,20,19,0.774325,63.78,1.535559,14.633720,12.252120,32.602469,0.0594
both,non_symmetric,1.0,1.0,entropy,top50,4,20,20,0.782161,63.74,1.536942,14.534410,12.238735,32.791681,0.0594
both,non_symmetric,1.0,1.0,entropy,top50,4,20,21,0.727947,63.18,1.545383,14.703465,12.131906,32.827835,0.0625
both,non_symmetric,1.0,1.0,entropy,top50,4,20,22,0.772611,63.46,1.551422,14.683367,12.119743,32.737473,0.0594
both,non_symmetric,1.0,1.0,entropy,top50,4,20,23,0.747177,63.52,1.547051,14.683990,12.147704,33.005896,0.0625
both,non_symmetric,1.0,1.0,entropy,top50,4,20,24,0.642477,62.50,1.572241,14.704643,12.012090,33.125263,0.0594
both,non_symmetric,1.0,1.0,entropy,top50,8,40,1,10.827096,51.24,1.430836,18.728298,12.971466,37.031858,0.0625
both,non_symmetric,1.0,1.0,entropy,top50,8,40,2,8.444509,52.74,1.212923,15.234392,15.979633,32.304950,0.0750
both,non_symmetric,1.0,1.0,entropy,top50,8,40,3,7.422372,52.74,1.250244,15.963358,15.930338,30.321978,0.0938
both,non_symmetric,1.0,1.0,entropy,top50,8,40,4,6.767639,57.24,1.282507,16.909006,15.149200,29.481577,0.0781
both,non_symmetric,1.0,1.0,entropy,top50,8,40,5,6.383810,57.68,1.230916,17.561645,14.668030,29.419480,0.0844
both,non_symmetric,1.0,1.0,entropy,top50,8,40,6,5.670849,60.10,1.250339,17.779517,14.356915,29.885410,0.0813
both,non_symmetric,1.0,1.0,entropy,top50,8,40,7,5.111325,62.72,1.261292,17.606283,14.181535,30.114151,0.0844
both,non_symmetric,1.0,1.0,entropy,top50,8,40,8,4.280690,66.06,1.207396,18.510572,14.533992,30.949931,0.0781
both,non_symmetric,1.0,1.0,entropy,top50,8,40,9,3.333345,67.40,1.176854,18.565843,14.339921,31.331324,0.0875
both,non_symmetric,1.0,1.0,entropy,top50,8,40,10,2.995623,68.40,1.167890,18.653458,14.395992,31.363464,0.0844
both,non_symmetric,1.0,1.0,entropy,top50,8,40,11,2.461905,71.56,1.211317,18.774810,14.213300,31.446296,0.0719
both,non_symmetric,1.0,1.0,entropy,top50,8,40,12,1.997080,70.46,1.253531,19.177809,13.982827,31.563463,0.0750
both,non_symmetric,1.0,1.0,entropy,top50,8,40,13,1.486857,73.80,1.234776,19.292237,13.618816,31.630496,0.0688
both,non_symmetric,1.0,1.0,entropy,top50,8,40,14,1.377755,73.62,1.203946,19.496408,13.745125,31.918062,0.0750
both,non_symmetric,1.0,1.0,entropy,top50,8,40,15,1.048938,74.90,1.213668,19.935036,13.534528,31.390103,0.0781
both,non_symmetric,1.0,1.0,entropy,top50,8,40,16,0.908483,75.54,1.235836,19.806493,13.634686,31.917374,0.0688
both,non_symmetric,1.0,1.0,entropy,top50,8,40,17,0.858915,75.94,1.245924,20.046229,13.381823,31.849231,0.0750
both,non_symmetric,1.0,1.0,entropy,top50,8,40,18,0.848706,76.60,1.237467,19.918082,13.298265,31.818454,0.0688
both,non_symmetric,1.0,1.0,entropy,top50,8,40,19,1.066854,76.18,1.234169,20.061914,13.111807,31.622203,0.0688
both,non_symmetric,1.0,1.0,entropy,top50,8,40,20,1.014140,75.98,1.245819,20.293612,12.861199,31.819563,0.0719
both,non_symmetric,1.0,1.0,entropy,top50,8,40,21,1.078405,76.02,1.245156,20.378411,12.753262,31.969099,0.0719
both,non_symmetric,1.0,1.0,entropy,top50,8,40,22,1.128037,76.36,1.261844,20.591516,12.617889,31.884216,0.0656
both,non_symmetric,1.0,1.0,entropy,top50,8,40,23,0.909777,76.36,1.271613,20.667719,12.487920,31.754707,0.0688
both,non_symmetric,1.0,1.0,entropy,top50,8,40,24,1.069783,75.74,1.274722,20.320837,12.582551,32.250753,0.0688
both,non_symmetric,1.0,1.0,entropy,top50,8,40,25,0.919268,76.60,1.261272,20.636608,12.543345,32.464810,0.0688
both,non_symmetric,1.0,1.0,entropy,top50,8,40,26,0.684897,76.96,1.237270,20.546520,12.437959,32.290219,0.0688
both,non_symmetric,1.0,1.0,entropy,top50,8,40,27,0.602501,77.32,1.235123,20.252936,12.430946,32.217628,0.0656
both,non_symmetric,1.0,1.0,entropy,top50,8,40,28,0.612503,77.30,1.250141,20.254152,12.391458,32.318892,0.0688
both,non_symmetric,1.0,1.0,entropy,top50,8,40,29,0.686188,76.48,1.253620,20.203800,12.371830,32.225811,0.0656
both,non_symmetric,1.0,1.0,entropy,top50,8,40,30,0.618740,76.70,1.268531,20.005105,12.444984,32.304647,0.0688
both,non_symmetric,1.0,1.0,entropy,top50,8,40,31,0.662356,76.72,1.286701,20.206773,12.402177,32.482481,0.0688
both,non_symmetric,1.0,1.0,entropy,top50,8,40,32,0.536568,76.72,1.289042,20.005250,12.440283,32.468010,0.0750
both,non_symmetric,1.0,1.0,entropy,top50,8,40,33,0.520376,76.12,1.284620,20.056220,12.429435,32.288249,0.0719
both,non_symmetric,1.0,1.0,entropy,top50,8,40,34,0.511885,76.42,1.302180,20.232618,12.447082,32.227531,0.0719
both,non_symmetric,1.0,1.0,entropy,top50,8,40,35,0.517470,76.32,1.285672,19.932178,12.366055,32.327118,0.0688
both,non_symmetric,1.0,1.0,entropy,top50,8,40,36,0.498644,76.26,1.305267,19.999735,12.401256,32.359246,0.0719
both,non_symmetric,1.0,1.0,entropy,top50,8,40,37,0.527034,76.06,1.296741,19.960643,12.423030,32.487476,0.0688
both,non_symmetric,1.0,1.0,entropy,top50,8,40,38,0.412891,75.76,1.302732,19.750506,12.423440,32.750991,0.0750
both,non_symmetric,1.0,1.0,entropy,top50,8,40,39,0.311464,76.06,1.319916,19.699805,12.494535,32.676727,0.0719
both,non_symmetric,1.0,1.0,entropy,top50,8,40,40,0.410270,76.06,1.336917,19.682655,12.397655,32.511662,0.0719
both,non_symmetric,1.0,1.0,entropy,top50,8,40,41,0.399244,75.98,1.325192,19.882238,12.323312,32.620322,0.0688
both,non_symmetric,1.0,1.0,entropy,top50,8,40,42,0.317793,76.36,1.332364,19.798644,12.242984,32.638237,0.0656
both,non_symmetric,1.0,1.0,entropy,top50,8,40,43,0.356857,76.44,1.336884,19.635561,12.201068,32.718045,0.0688
both,non_symmetric,1.0,1.0,entropy,top50,8,40,44,0.336941,76.32,1.317379,19.570455,12.179560,32.719091,0.0719
both,non_symmetric,1.0,1.0,entropy,top50,8,40,45,0.308873,76.42,1.325440,19.588843,12.205337,32.900032,0.0719
both,symmetric,1.0,1.0,binary,top50,1,5,1,0.476000,51.24,1.430836,18.728298,12.971466,37.031858,0.0625
both,symmetric,1.0,1.0,binary,top50,1,5,2,0.444000,51.72,1.428687,18.127190,13.602504,35.832262,0.0563
both,symmetric,1.0,1.0,binary,top50,2,10,1,0.932000,51.24,1.430836,18.728298,12.971466,37.031858,0.0469
both,symmetric,1.0,1.0,binary,top50,2,10,2,0.796000,53.80,1.319189,15.683317,15.432727,33.243611,0.0500
both,symmetric,1.0,1.0,binary,top50,2,10,3,0.688000,54.28,1.335264,15.203059,15.611469,32.366806,0.0625
both,symmetric,1.0,1.0,binary,top50,2,10,4,0.628000,55.42,1.359612,15.111494,15.262256,31.963060,0.0500
both,symmetric,1.0,1.0,binary,top50,2,10,5,0.604000,56.02,1.367942,15.296931,15.115383,31.637163,0.0500
both,symmetric,1.0,1.0,binary,top50,4,20,1,1.976000,51.24,1.430836,18.728298,12.971466,37.031858,0.0781
both,symmetric,1.0,1.0,binary,top50,4,20,2,1.780000,52.90,1.303333,15.374958,16.103536,31.986413,0.0906
both,symmetric,1.0,1.0,binary,top50,4,20,3,1.608000,53.98,1.324429,14.364893,16.156788,30.503537,0.0781
both,symmetric,1.0,1.0,binary,top50,4,20,4,1.340000,55.62,1.284036,14.872095,15.601484,29.771947,0.0781
both,symmetric,1.0,1.0,binary,top50,4,20,5,1.192000,56.04,1.290774,14.229882,15.131027,29.303859,0.0813
both,symmetric,1.0,1.0,binary,top50,4,20,6,1.076000,57.96,1.296434,14.747118,14.468212,30.509884,0.0688
both,symmetric,1.0,1.0,binary,top50,4,20,7,0.888000,60.30,1.345777,14.275789,13.870056,30.075839,0.0719
both,symmetric,1.0,1.0,binary,top50,4,20,8,0.832000,59.38,1.338229,14.389034,13.475099,30.050454,0.0688
both,symmetric,1.0,1.0,binary,top50,4,20,9,0.776000,61.34,1.353339,14.480335,12.909910,30.834780,0.0656
both,symmetric,1.0,1.0,binary,top50,4,20,10,0.772000,60.50,1.377305,14.430886,12.682590,30.371123,0.0625
both,symmetric,1.0,1.0,binary,top50,4,20,11,0.800000,61.36,1.378943,14.312416,12.581845,30.753948,0.0750
both,symmetric,1.0,1.0,binary,top50,4,20,12,0.720000,61.34,1.411722,14.396215,12.539209,31.243650,0.0688
both,symmetric,1.0,1.0,binary,top50,4,20,13,0.628000,62.12,1.435859,13.888516,12.284626,30.734458,0.0594
both,symmetric,1.0,1.0,binary,top50,8,40,1,3.864000,51.24,1.430836,18.728298,12.971466,37.031858,0.0625
both,symmetric,1.0,1.0,binary,top50,8,40,2,3.592000,52.94,1.305976,15.164172,15.836258,32.015700,0.0531
both,symmetric,1.0,1.0,binary,top50,8,40,3,3.268000,54.78,1.311932,15.056164,16.005906,31.337768,0.0625
both,symmetric,1.0,1.0,binary,top50,8,40,4,2.884000,57.06,1.374808,13.847113,15.519783,30.308964,0.0531
both,symmetric,1.0,1.0,binary,top50,8,40,5,2.632000,59.18,1.420667,14.282084,14.982339,30.604312,0.0594
both,symmetric,1.0,1.0,binary,top50,8,40,6,2.472000,60.32,1.489275,14.393069,14.218682,31.126397,0.0469
both,symmetric,1.0,1.0,binary,top50,8,40,7,2.316000,60.42,1.484847,14.151306,13.910443,31.001034,0.0531
both,symmetric,1.0,1.0,binary,top50,8,40,8,2.096000,61.86,1.509391,14.163544,13.371492,32.054392,0.0500
both,symmetric,1.0,1.0,binary,top50,8,40,9,1.928000,63.20,1.531253,13.899836,12.864792,32.260352,0.0594
both,symmetric,1.0,1.0,binary,top50,8,40,10,1.776000,64.62,1.518691,13.657890,12.345444,32.426246,0.0563
both,symmetric,1.0,1.0,binary,top50,8,40,11,1.436000,65.90,1.538053,13.755617,12.091703,31.985015,0.0563
both,symmetric,1.0,1.0,binary,top50,8,40,12,1.224000,66.24,1.634395,13.727415,11.247839,32.990934,0.0469
both,symmetric,1.0,1.0,binary,top50,8,40,13,1.064000,67.44,1.622038,13.495556,11.086225,32.761049,0.0500
both,symmetric,1.0,1.0,binary,top50,8,40,14,1.016000,67.50,1.654474,13.460055,11.015363,33.083177,0.0531
both,symmetric,1.0,1.0,binary,top50,8,40,15,0.872000,68.44,1.688485,13.173497,10.809608,32.912102,0.0563
both,symmetric,1.0,1.0,binary,top50,8,40,16,0.896000,68.64,1.696268,13.611292,10.748500,32.900323,0.0531
both,symmetric,1.0,1.0,binary,top50,8,40,17,1.028000,67.44,1.728563,13.570098,10.582321,33.233879,0.0531
both,symmetric,1.0,1.0,binary,top50,8,40,18,0.888000,68.42,1.710883,13.478437,10.555188,33.722892,0.0531
both,symmetric,1.0,1.0,binary,top50,8,40,19,0.972000,68.14,1.727167,13.488695,10.490977,33.752869,0.0531
both,symmetric,1.0,1.0,binary,top50,8,40,20,0.912000,68.70,1.737521,13.425811,10.472912,33.487910,0.0531
both,symmetric,1.0,1.0,binary,top50,8,40,21,0.892000,68.66,1.762390,13.180509,10.375292,33.422079,0.0563
both,symmetric,1.0,1.0,binary,top50,8,40,22,0.796000,68.88,1.761456,13.055030,10.390367,33.489828,0.0531
both,symmetric,1.0,1.0,binary,top50,8,40,23,0.800000,69.10,1.775946,12.961147,10.352041,33.541484,0.0563
both,symmetric,1.0,1.0,binary,top50,8,40,24,0.740000,69.38,1.767615,12.924787,10.254895,33.416694,0.0531
both,symmetric,1.0,1.0,binary,top50,8,40,25,0.720000,69.80,1.772377,12.972857,10.207213,33.202411,0.0563
both,symmetric,1.0,1.0,binary,top50,8,40,26,0.672000,70.56,1.763803,13.191713,10.125375,33.218757,0.0531
both,symmetric,1.0,1.0,binary,top50,8,40,27,0.740000,70.46,1.752979,13.120003,10.084176,33.601031,0.0594
both,symmetric,1.0,1.0,binary,top50,8,40,28,0.724000,70.36,1.768270,13.397154,9.969635,33.462114,0.0563
both,symmetric,1.0,1.0,binary,top50,8,40,29,0.688000,70.46,1.751880,13.576881,9.871645,33.559832,0.0500
both,symmetric,1.0,1.0,binary,top50,8,40,30,0.796000,71.32,1.760768,13.761228,9.775683,33.319112,0.0531
both,symmetric,1.0,1.0,binary,top50,8,40,31,0.788000,70.36,1.763237,14.000416,9.797206,33.832359,0.0531
both,symmetric,1.0,1.0,binary,top50,8,40,32,0.840000,70.32,1.763052,13.738655,9.710363,34.064478,0.0531
both,symmetric,1.0,1.0,binary,top50,8,40,33,0.840000,70.48,1.745379,13.921658,9.685505,34.075545,0.0594
both,symmetric,1.0,1.0,binary,top50,8,40,34,0.884000,70.78,1.741706,13.884493,9.624564,34.331702,0.0531
both,symmetric,1.0,1.0,binary,top50,8,40,35,0.716000,70.78,1.751825,13.586554,9.571356,34.178355,0.0594
both,symmetric,1.0,1.0,binary,top50,8,40,36,0.704000,71.76,1.745473,13.174494,9.578052,34.070655,0.0531
both,symmetric,1.0,1.0,binary,top50,8,40,37,0.700000,70.90,1.760645,13.241774,9.570254,34.072043,0.0531
both,symmetric,1.0,1.0,binary,top50,8,40,38,0.668000,71.50,1.756215,13.056112,9.497693,34.061724,0.0531
both,symmetric,1.0,1.0,margin,top50,1,5,1,1.713215,51.24,1.430836,18.728298,12.971466,37.031858,0.0563
both,symmetric,1.0,1.0,margin,top50,1,5,2,1.086161,51.02,1.292738,16.131170,15.834452,32.228558,0.0531
both,symmetric,1.0,1.0,margin,top50,1,5,3,0.534947,53.40,1.303142,15.400819,16.077696,30.736120,0.0531
both,symmetric,1.0,1.0,margin,top50,1,5,4,0.509124,54.64,1.328740,15.442707,15.912504,30.570353,0.0437
both,symmetric,1.0,1.0,margin,top50,2,10,1,3.286475,51.24,1.430836,18.728298,12.971466,37.031858,0.0750
both,symmetric,1.0,1.0,margin,top50,2,10,2,2.328895,53.10,1.264149,15.007183,15.784445,31.984275,0.0437
both,symmetric,1.0,1.0,margin,top50,2,10,3,1.666182,54.62,1.274134,14.404611,15.975394,30.360675,0.0563
both,symmetric,1.0,1.0,margin,top50,2,10,4,1.446846,56.22,1.287404,13.834698,15.440523,30.503942,0.0563
both,symmetric,1.0,1.0,margin,top50,2,10,5,1.081419,56.50,1.318379,13.156640,14.713521,30.234683,0.0563
both,symmetric,1.0,1.0,margin,top50,2,10,6,0.783367,56.30,1.391039,13.788604,14.121759,30.912006,0.0656
both,symmetric,1.0,1.0,margin,top50,2,10,7,0.845978,57.80,1.422958,13.055416,13.894410,31.407403,0.0625
both,symmetric,1.0,1.0,margin,top50,2,10,8,0.901507,56.06,1.434565,13.213408,13.510488,31.697743,0.0625
both,symmetric,1.0,1.0,margin,top50,2,10,9,0.956760,55.96,1.432800,13.072732,13.369125,31.689085,0.0625
both,symmetric,1.0,1.0,margin,top50,2,10,10,1.020811,55.98,1.432473,12.751359,13.325118,31.902943,0.0625
both,symmetric,1.0,1.0,margin,top50,2,10,11,0.898456,56.26,1.437396,12.813764,13.318179,31.695503,0.0625
both,symmetric,1.0,1.0,margin,top50,2,10,12,0.778971,56.52,1.444928,12.736229,13.141550,31.843663,0.0594
both,symmetric,1.0,1.0,margin,top50,2,10,13,0.735558,56.86,1.436492,12.891604,12.959444,31.840351,0.0688
both,symmetric,1.0,1.0,margin,top50,2,10,14,0.902044,56.96,1.441346,12.871759,12.814755,32.014339,0.0656
both,symmetric,1.0,1.0,margin,top50,2,10,15,0.758397,57.08,1.439580,12.975091,12.697253,32.219650,0.0625
both,symmetric,1.0,1.0,margin,top50,2,10,16,0.680548,57.60,1.448585,12.995734,12.662782,31.919775,0.0625
both,symmetric,1.0,1.0,margin,top50,2,10,17,0.661284,57.30,1.426166,13.089670,12.691723,32.744261,0.0594
both,symmetric,1.0,1.0,margin,top50,2,10,18,0.759691,56.92,1.401550,13.191088,12.657867,32.710394,0.0656
both,symmetric,1.0,1.0,margin,top50,2,10,19,0.755350,57.04,1.415011,13.256450,12.558776,32.573177,0.0625
both,symmetric,1.0,1.0,margin,top50,2,10,20,0.904456,56.76,1.393392,13.574901,12.514942,32.684298,0.0625
both,symmetric,1.0,1.0,margin,top50,2,10,21,0.772624,57.16,1.406312,13.676222,12.354328,33.118579,0.0625
both,symmetric,1.0,1.0,margin,top50,2,10,22,0.972891,56.96,1.400227,13.565978,12.375413,32.879531,0.0625
both,symmetric,1.0,1.0,margin,top50,2,10,23,0.639139,57.64,1.415148,13.676079,12.302737,32.642050,0.0656
both,symmetric,1.0,1.0,margin,top50,4,20,1,6.913955,51.24,1.430836,18.728298,12.971466,37.031858,0.0625
both,symmetric,1.0,1.0,margin,top50,4,20,2,4.725724,52.30,1.246692,14.956563,15.906583,32.199136,0.0594
both,symmetric,1.0,1.0,margin,top50,4,20,3,4.122166,52.50,1.248231,14.047879,15.764073,31.048680,0.0563
both,symmetric,1.0,1.0,margin,top50,4,20,4,3.755009,54.98,1.314188,14.027964,14.887114,30.470731,0.0656
both,symmetric,1.0,1.0,margin,top50,4,20,5,3.533551,56.48,1.347165,12.960703,14.138477,30.984011,0.0563
both,symmetric,1.0,1.0,margin,top50,4,20,6,3.157107,57.28,1.403455,12.808264,13.749623,31.298850,0.0563
both,symmetric,1.0,1.0,margin,top50,4,20,7,2.946195,56.70,1.457265,12.610997,13.072290,30.735773,0.0594
both,symmetric,1.0,1.0,margin,top50,4,20,8,2.784270,58.42,1.523646,13.316515,12.024038,31.074605,0.0531
both,symmetric,1.0,1.0,margin,top50,4,20,9,3.120137,57.64,1.566860,12.870107,11.354226,32.020830,0.0594
both,symmetric,1.0,1.0,margin,top50,4,20,10,2.972606,58.60,1.591783,13.004655,10.888236,32.475924,0.0563
both,symmetric,1.0,1.0,margin,top50,4,20,11,2.917729,59.62,1.567184,13.434050,10.497845,32.790683,0.0625
both,symmetric,1.0,1.0,margin,top50,4,20,12,2.248386,61.64,1.589792,13.154861,10.362420,32.315879,0.0563
both,symmetric,1.0,1.0,margin,top50,4,20,13,2.141311,61.62,1.596326,12.937737,10.027071,32.495384,0.0656
both,symmetric,1.0,1.0,margin,top50,4,20,14,1.973892,61.78,1.589577,13.046750,9.962616,32.824502,0.0531
both,symmetric,1.0,1.0,margin,top50,4,20,15,1.910889,62.06,1.615309,13.472389,9.669844,32.939578,0.0594
both,symmetric,1.0,1.0,margin,top50,4,20,16,1.599333,61.96,1.626585,13.286890,9.541659,33.121149,0.0594
both,symmetric,1.0,1.0,margin,top50,4,20,17,1.528951,62.22,1.618712,13.011415,9.568301,33.535145,0.0563
both,symmetric,1.0,1.0,margin,top50,4,20,18,1.496370,62.06,1.637820,13.042255,9.455540,33.679632,0.0594
both,symmetric,1.0,1.0,margin,top50,4,20,19,1.272824,63.72,1.655980,13.341583,9.280632,33.426679,0.0594
both,symmetric,1.0,1.0,margin,top50,4,20,20,1.336432,63.56,1.646179,13.472183,9.285646,33.514523,0.0594
both,symmetric,1.0,1.0,margin,top50,4,20,21,1.319961,64.32,1.662110,13.359751,9.266264,33.420989,0.0563
both,symmetric,1.0,1.0,margin,top50,4,20,22,1.452790,64.86,1.650064,13.110533,9.273384,33.202861,0.0594
both,symmetric,1.0,1.0,margin,top50,4,20,23,1.077269,65.06,1.659243,13.139975,9.162842,32.940957,0.0625
both,symmetric,1.0,1.0,margin,top50,4,20,24,0.913100,65.24,1.647552,13.232980,9.217816,33.109318,0.0563
both,symmetric,1.0,1.0,margin,top50,4,20,25,1.082115,64.80,1.649149,13.505296,9.153490,33.163590,0.0563
both,symmetric,1.0,1.0,margin,top50,4,20,26,1.014054,64.72,1.635371,13.531138,9.145150,33.613793,0.0563
both,symmetric,1.0,1.0,margin,top50,4,20,27,0.843283,66.40,1.618689,13.611481,9.115841,33.734598,0.0594
both,symmetric,1.0,1.0,margin,top50,4,20,28,1.028274,65.66,1.644403,13.533006,9.030303,33.783504,0.0594
both,symmetric,1.0,1.0,margin,top50,4,20,29,1.102126,65.06,1.642126,13.633220,9.086716,33.488195,0.0563
both,symmetric,1.0,1.0,margin,top50,4,20,30,1.342330,65.30,1.661447,13.824771,9.086738,33.467624,0.0563
both,symmetric,1.0,1.0,margin,top50,4,20,31,0.909811,65.78,1.649518,13.996630,9.052858,34.137273,0.0563
both,symmetric,1.0,1.0,margin,top50,4,20,32,0.997567,66.12,1.655905,14.095884,9.031253,33.877260,0.0563
both,symmetric,1.0,1.0,margin,top50,4,20,33,0.968809,65.50,1.656225,14.040311,9.063584,33.896938,0.0563
both,symmetric,1.0,1.0,margin,top50,4,20,34,0.966065,65.40,1.682341,14.001148,9.078124,33.867069,0.0594
both,symmetric,1.0,1.0,margin,top50,4,20,35,0.852575,65.74,1.666479,14.118081,9.051293,33.978339,0.0563
both,symmetric,1.0,1.0,margin,top50,4,20,36,0.880030,65.64,1.664678,14.119280,9.054081,34.192097,0.0563
both,symmetric,1.0,1.0,margin,top50,4,20,37,0.867374,66.10,1.637090,14.005405,9.029598,34.147818,0.0625
both,symmetric,1.0,1.0,margin,top50,4,20,38,0.791693,66.80,1.631848,14.078230,9.032556,34.357501,0.0594
both,symmetric,1.0,1.0,margin,top50,4,20,39,0.795407,66.84,1.665203,14.174695,9.019578,34.425615,0.0625
both,symmetric,1.0,1.0,margin,top50,4,20,40,0.921026,66.70,1.665121,14.271828,9.029823,34.354643,0.0594
both,symmetric,1.0,1.0,margin,top50,4,20,41,0.795954,66.12,1.667332,14.259718,8.988884,34.341954,0.0594
both,symmetric,1.0,1.0,margin,top50,4,20,42,0.995244,66.06,1.681222,14.342322,8.990415,34.328706,0.0594
both,symmetric,1.0,1.0,margin,top50,8,40,1,13.202423,51.24,1.430836,18.728298,12.971466,37.031858,0.0563
both,symmetric,1.0,1.0,margin,top50,8,40,2,9.817583,53.96,1.266779,14.270892,15.792573,32.285578,0.0500
both,symmetric,1.0,1.0,margin,top50,8,40,3,9.169002,53.84,1.222546,13.742563,16.387580,31.225658,0.0563
both,symmetric,1.0,1.0,margin,top50,8,40,4,7.511531,57.48,1.258614,13.330395,15.663906,30.993281,0.0500
both,symmetric,1.0,1.0,margin,top50,8,40,5,6.792130,61.02,1.300416,12.801860,15.436676,30.633631,0.0531
both,symmetric,1.0,1.0,margin,top50,8,40,6,5.775046,62.78,1.357527,12.502340,14.928656,30.277628,0.0531
both,symmetric,1.0,1.0,margin,top50,8,40,7,5.382291,66.36,1.354322,11.900791,14.398050,30.248148,0.0406
both,symmetric,1.0,1.0,margin,top50,8,40,8,4.455888,67.72,1.379870,11.531346,13.870441,29.984802,0.0594
both,symmetric,1.0,1.0,margin,top50,8,40,9,3.995141,68.50,1.389291,11.074827,13.428130,30.506422,0.0500
both,symmetric,1.0,1.0,margin,top50,8,40,10,3.933211,69.16,1.404808,11.128024,12.929744,30.259200,0.0531
both,symmetric,1.0,1.0,margin,top50,8,40,11,3.547535,68.62,1.397974,11.323147,12.570160,29.735669,0.0594
both,symmetric,1.0,1.0,margin,top50,8,40,12,3.262631,68.28,1.466320,11.151902,12.209717,30.413574,0.0625
both,symmetric,1.0,1.0,margin,top50,8,40,13,2.463381,72.00,1.445647,11.466128,12.194895,30.524008,0.0688
both,symmetric,1.0,1.0,margin,top50,8,40,14,1.884278,72.98,1.473544,11.442699,12.157651,30.680892,0.0688
both,symmetric,1.0,1.0,margin,top50,8,40,15,1.577889,73.88,1.475266,11.430655,11.950244,31.169339,0.0656
both,symmetric,1.0,1.0,margin,top50,8,40,16,1.625808,73.58,1.475723,11.305147,11.838605,31.017573,0.0719
both,symmetric,1.0,1.0,margin,top50,8,40,17,1.345716,73.94,1.471078,11.768815,11.656310,31.669949,0.0750
both,symmetric,1.0,1.0,margin,top50,8,40,18,1.403395,74.92,1.457659,11.812140,11.668747,32.006150,0.0688
both,symmetric,1.0,1.0,margin,top50,8,40,19,1.390295,74.48,1.450142,12.118439,11.662008,32.258016,0.0688
both,symmetric,1.0,1.0,margin,top50,8,40,20,1.141854,74.68,1.468829,12.067722,11.519926,32.160921,0.0719
both,symmetric,1.0,1.0,margin,top50,8,40,21,1.082324,74.88,1.473057,12.083063,11.405962,32.089280,0.0688
both,symmetric,1.0,1.0,margin,top50,8,40,22,1.195367,75.10,1.475652,11.819599,11.434891,31.519396,0.0688
both,symmetric,1.0,1.0,margin,top50,8,40,23,1.012447,76.14,1.485141,12.031082,11.280649,31.560671,0.0750
both,symmetric,1.0,1.0,margin,top50,8,40,24,1.194776,75.50,1.493705,12.018257,11.199982,31.687945,0.0719
both,symmetric,1.0,1.0,margin,top50,8,40,25,1.139412,75.78,1.495773,12.219933,11.287718,32.138586,0.0688
both,symmetric,1.0,1.0,margin,top50,8,40,26,0.915499,75.68,1.486773,12.044114,11.214660,32.113134,0.0719
both,symmetric,1.0,1.0,margin,top50,8,40,27,1.011962,75.94,1.500880,12.291794,11.201471,32.342171,0.0656
both,symmetric,1.0,1.0,margin,top50,8,40,28,1.115980,75.54,1.494982,12.356468,11.183286,32.343749,0.0750
both,symmetric,1.0,1.0,margin,top50,8,40,29,0.823605,75.96,1.529404,12.271543,11.110522,32.184898,0.0688
both,symmetric,1.0,1.0,margin,top50,8,40,30,0.831764,76.28,1.516223,12.193397,11.097651,32.210517,0.0656
both,symmetric,1.0,1.0,margin,top50,8,40,31,0.852776,76.14,1.535646,12.300504,11.053425,32.414484,0.0688
both,symmetric,1.0,1.0,margin,top50,8,40,32,0.777623,76.10,1.552847,12.611718,10.990481,33.014749,0.0656
both,symmetric,1.0,1.0,margin,top50,8,40,33,0.911286,75.98,1.560436,12.855941,10.955069,33.410494,0.0688
both,symmetric,1.0,1.0,margin,top50,8,40,34,0.924298,76.02,1.554416,12.911114,10.930399,33.472866,0.0688
both,symmetric,1.0,1.0,margin,top50,8,40,35,0.728565,76.02,1.538809,12.692869,10.940605,32.943219,0.0688
both,symmetric,1.0,1.0,margin,top50,8,40,36,0.704156,76.08,1.533702,12.470774,10.866963,32.706626,0.0719
both,symmetric,1.0,1.0,softmax,top50,1,5,1,1.359765,51.24,1.430836,18.728298,12.971466,37.031858,0.0437
both,symmetric,1.0,1.0,softmax,top50,1,5,2,0.867760,51.02,1.292738,16.131170,15.834452,32.228558,0.0469
both,symmetric,1.0,1.0,softmax,top50,1,5,3,0.496348,52.60,1.305001,15.558440,16.087317,30.770322,0.0500
both,symmetric,1.0,1.0,softmax,top50,1,5,4,0.331406,54.00,1.332087,15.647998,15.449546,31.623447,0.0437
both,symmetric,1.0,1.0,softmax,top50,1,5,5,0.157679,56.10,1.404562,15.091965,15.106568,30.065637,0.0500
both,symmetric,1.0,1.0,softmax,top50,1,5,6,0.172061,55.28,1.422395,15.074457,14.764691,30.508896,0.0500
both,symmetric,1.0,1.0,softmax,top50,1,5,7,0.159978,56.10,1.422730,14.874285,14.705875,30.858389,0.0500
both,symmetric,1.0,1.0,softmax,top50,1,5,8,0.127362,56.62,1.408386,15.120785,14.490332,30.922305,0.0500
both,symmetric,1.0,1.0,softmax,top50,2,10,1,2.607665,51.24,1.430836,18.728298,12.971466,37.031858,0.0437
both,symmetric,1.0,1.0,softmax,top50,2,10,2,1.796511,53.44,1.247970,15.327017,15.951808,32.043341,0.0563
both,symmetric,1.0,1.0,softmax,top50,2,10,3,1.379066,55.16,1.265255,14.754093,16.046668,30.844583,0.0531
both,symmetric,1.0,1.0,softmax,top50,2,10,4,1.045899,56.28,1.283657,14.156295,15.368283,30.422118,0.0500
both,symmetric,1.0,1.0,softmax,top50,2,10,5,0.938606,57.38,1.308526,13.749654,15.023928,30.872556,0.0500
both,symmetric,1.0,1.0,softmax,top50,2,10,6,0.827006,58.56,1.395234,12.986105,14.179581,31.310157,0.0563
both,symmetric,1.0,1.0,softmax,top50,2,10,7,0.704469,59.00,1.387554,12.901222,13.787046,31.222036,0.0531
both,symmetric,1.0,1.0,softmax,top50,2,10,8,0.611134,60.68,1.440528,13.414985,13.278479,31.439241,0.0500
both,symmetric,1.0,1.0,softmax,top50,2,10,9,0.478098,61.00,1.476407,13.404131,12.920336,32.378551,0.0531
both,symmetric,1.0,1.0,softmax,top50,2,10,10,0.549870,59.62,1.508894,13.554924,12.737325,33.016280,0.0500
both,symmetric,1.0,1.0,softmax,top50,2,10,11,0.536743,59.90,1.490060,14.008443,12.534923,33.325313,0.0500
both,symmetric,1.0,1.0,softmax,top50,2,10,12,0.472326,60.56,1.486539,14.035361,12.416441,33.286756,0.0500
both,symmetric,1.0,1.0,softmax,top50,2,10,13,0.527454,60.00,1.480818,14.182466,12.318916,33.165062,0.0469
both,symmetric,1.0,1.0,softmax,top50,2,10,14,0.546474,61.22,1.507891,14.302609,12.111195,33.507252,0.0500
both,symmetric,1.0,1.0,softmax,top50,2,10,15,0.525744,60.68,1.530388,14.123906,12.059294,33.840606,0.0500
both,symmetric,1.0,1.0,softmax,top50,2,10,16,0.419349,61.06,1.504217,14.102440,12.062865,34.045725,0.0531
both,symmetric,1.0,1.0,softmax,top50,2,10,17,0.498957,61.46,1.474349,13.976758,12.042301,34.196492,0.0531
both,symmetric,1.0,1.0,softmax,top50,2,10,18,0.316453,61.66,1.461881,14.438249,12.011330,34.322940,0.0563
both,symmetric,1.0,1.0,softmax,top50,2,10,19,0.379013,62.14,1.466514,14.467428,11.946062,34.076051,0.0500
both,symmetric,1.0,1.0,softmax,top50,2,10,20,0.291737,62.26,1.487943,14.467659,11.866387,34.052040,0.0563
both,symmetric,1.0,1.0,softmax,top50,2,10,21,0.329948,62.66,1.496190,14.021328,11.814719,34.049306,0.0594
both,symmetric,1.0,1.0,softmax,top50,2,10,22,0.458384,62.94,1.482628,14.146095,11.835035,34.168734,0.0531
both,symmetric,1.0,1.0,softmax,top50,2,10,23,0.292621,62.72,1.492460,14.154664,11.821517,34.208775,0.0500
both,symmetric,1.0,1.0,softmax,top50,2,10,24,0.268123,63.22,1.501545,14.302450,11.783048,34.373486,0.0594
both,symmetric,1.0,1.0,softmax,top50,2,10,25,0.281254,63.00,1.515358,14.349843,11.692962,34.338633,0.0500
both,symmetric,1.0,1.0,softmax,top50,4,20,1,5.503259,51.24,1.430836,18.728298,12.971466,37.031858,0.0594
both,symmetric,1.0,1.0,softmax,top50,4,20,2,3.749431,52.62,1.252227,14.808378,15.962701,32.431991,0.0531
both,symmetric,1.0,1.0,softmax,top50,4,20,3,3.533796,53.64,1.231921,13.624005,16.214902,31.805894,0.0469
both,symmetric,1.0,1.0,softmax,top50,4,20,4,3.090547,56.60,1.280544,12.960145,15.346816,31.023117,0.0531
both,symmetric,1.0,1.0,softmax,top50,4,20,5,2.892501,57.44,1.332340,12.651810,14.498975,30.945766,0.0500
both,symmetric,1.0,1.0,softmax,top50,4,20,6,2.636619,58.48,1.395265,12.668219,13.432421,30.762149,0.0500
both,symmetric,1.0,1.0,softmax,top50,4,20,7,2.689249,56.36,1.485974,12.253433,12.426053,31.550817,0.0563
both,symmetric,1.0,1.0,softmax,top50,4,20,8,2.596975,59.88,1.493901,12.505207,11.934612,31.166588,0.0500
both,symmetric,1.0,1.0,softmax,top50,4,20,9,2.453505,59.68,1.539560,13.571104,10.997634,32.167556,0.0500
both,symmetric,1.0,1.0,softmax,top50,4,20,10,2.498913,60.22,1.548204,13.603260,10.343675,33.042699,0.0531
both,symmetric,1.0,1.0,softmax,top50,4,20,11,2.404201,60.94,1.552570,14.619160,9.701726,33.168915,0.0437
both,symmetric,1.0,1.0,softmax,top50,4,20,12,2.137427,61.00,1.562924,15.332146,9.370907,34.150836,0.0469
both,symmetric,1.0,1.0,softmax,top50,4,20,13,1.833522,62.48,1.603323,14.802470,9.117702,33.069941,0.0531
both,symmetric,1.0,1.0,softmax,top50,4,20,14,1.498237,64.38,1.663642,15.150522,8.820633,33.554532,0.0531
both,symmetric,1.0,1.0,softmax,top50,4,20,15,1.108635,65.38,1.664798,15.307613,8.742642,33.567808,0.0500
both,symmetric,1.0,1.0,softmax,top50,4,20,16,1.186705,63.96,1.659120,15.408341,8.569569,34.058533,0.0531
both,symmetric,1.0,1.0,softmax,top50,4,20,17,1.106835,64.66,1.687710,15.349406,8.154892,34.548822,0.0531
both,symmetric,1.0,1.0,softmax,top50,4,20,18,1.173071,65.64,1.708145,15.664567,7.987440,34.328097,0.0594
both,symmetric,1.0,1.0,softmax,top50,4,20,19,0.997929,65.72,1.698682,15.870110,7.854878,35.045181,0.0500
both,symmetric,1.0,1.0,softmax,top50,4,20,20,1.067557,65.18,1.698397,16.165463,7.820266,35.725790,0.0500
both,symmetric,1.0,1.0,softmax,top50,4,20,21,1.251605,64.58,1.716230,16.244055,7.590367,35.526714,0.0563
both,symmetric,1.0,1.0,softmax,top50,4,20,22,1.049041,65.32,1.764949,16.337313,7.402032,35.458117,0.0563
both,symmetric,1.0,1.0,softmax,top50,4,20,23,0.993879,66.02,1.738181,16.756741,7.417976,35.674997,0.0563
both,symmetric,1.0,1.0,softmax,top50,4,20,24,0.905067,66.78,1.736589,16.811387,7.334884,35.515106,0.0625
both,symmetric,1.0,1.0,softmax,top50,4,20,25,0.836425,67.42,1.754469,16.587065,7.350539,35.636518,0.0563
both,symmetric,1.0,1.0,softmax,top50,8,40,1,10.488878,51.24,1.430836,18.728298,12.971466,37.031858,0.0563
both,symmetric,1.0,1.0,softmax,top50,8,40,2,7.992337,53.82,1.265948,14.546915,15.909026,32.887280,0.0500
both,symmetric,1.0,1.0,softmax,top50,8,40,3,6.602449,56.06,1.296173,14.037403,15.804269,31.273415,0.0625
both,symmetric,1.0,1.0,softmax,top50,8,40,4,6.335240,56.98,1.342596,15.466777,14.945607,30.564060,0.0500
both,symmetric,1.0,1.0,softmax,top50,8,40,5,5.976976,58.70,1.345343,15.413848,14.524406,30.210885,0.0531
both,symmetric,1.0,1.0,softmax,top50,8,40,6,5.762001,60.62,1.422259,15.874127,13.594394,30.623175,0.0563
both,symmetric,1.0,1.0,softmax,top50,8,40,7,5.807077,59.08,1.491648,15.474886,12.766695,31.336301,0.0531
both,symmetric,1.0,1.0,softmax,top50,8,40,8,6.051095,60.98,1.488639,15.958491,11.911962,31.651409,0.0406
both,symmetric,1.0,1.0,softmax,top50,8,40,9,5.795755,63.34,1.487333,15.812131,11.640635,32.685626,0.0563
both,symmetric,1.0,1.0,softmax,top50,8,40,10,5.838009,63.32,1.547610,16.082037,11.070053,32.837113,0.0500
both,symmetric,1.0,1.0,softmax,top50,8,40,11,5.202172,65.56,1.627387,16.311298,10.458220,33.955335,0.0500
both,symmetric,1.0,1.0,softmax,top50,8,40,12,4.361196,68.36,1.580100,16.583434,10.076644,34.182944,0.0563
both,symmetric,1.0,1.0,softmax,top50,8,40,13,5.283622,68.36,1.592163,16.192494,9.535353,34.831917,0.0594
both,symmetric,1.0,1.0,softmax,top50,8,40,14,3.977820,70.34,1.656646,16.188423,9.018567,34.528844,0.0594
both,symmetric,1.0,1.0,softmax,top50,8,40,15,3.261541,71.62,1.702366,16.538744,8.870481,35.608376,0.0469
both,symmetric,1.0,1.0,softmax,top50,8,40,16,2.989197,73.12,1.726299,16.426200,8.610462,35.487451,0.0594
both,symmetric,1.0,1.0,softmax,top50,8,40,17,3.877240,72.80,1.714856,16.777209,8.269260,35.893113,0.0500
both,symmetric,1.0,1.0,softmax,top50,8,40,18,3.396410,73.24,1.715596,17.378463,8.203027,36.529127,0.0531
both,symmetric,1.0,1.0,softmax,top50,8,40,19,2.814720,75.22,1.737055,17.437302,8.058832,36.344308,0.0531
both,symmetric,1.0,1.0,softmax,top50,8,40,20,2.723270,74.96,1.780382,17.444430,7.526578,36.153518,0.0500
both,symmetric,1.0,1.0,softmax,top50,8,40,21,2.141782,76.28,1.759170,17.313995,7.344399,36.024230,0.0531
both,symmetric,1.0,1.0,softmax,top50,8,40,22,2.372810,77.72,1.746578,17.510162,7.251487,36.280767,0.0531
both,symmetric,1.0,1.0,softmax,top50,8,40,23,2.589444,77.04,1.748472,17.758840,7.102767,36.096932,0.0531
both,symmetric,1.0,1.0,softmax,top50,8,40,24,2.378730,77.16,1.722925,17.521110,7.143044,36.257915,0.0563
both,symmetric,1.0,1.0,softmax,top50,8,40,25,2.044164,77.96,1.719803,17.220368,7.145858,35.926284,0.0563
both,symmetric,1.0,1.0,softmax,top50,8,40,26,2.283125,78.62,1.708644,17.310230,7.048908,35.855586,0.0563
both,symmetric,1.0,1.0,softmax,top50,8,40,27,2.102897,78.60,1.710096,17.546196,7.008551,35.847899,0.0563
both,symmetric,1.0,1.0,softmax,top50,8,40,28,2.406447,77.92,1.710118,17.155308,7.029642,35.620793,0.0563
both,symmetric,1.0,1.0,softmax,top50,8,40,29,2.096024,78.34,1.720872,17.431905,6.979145,35.565026,0.0563
both,symmetric,1.0,1.0,softmax,top50,8,40,30,2.006808,78.68,1.715784,17.317004,6.998027,35.517947,0.0594
both,symmetric,1.0,1.0,softmax,top50,8,40,31,2.089361,78.62,1.722477,17.407872,6.927542,35.651388,0.0594
both,symmetric,1.0,1.0,softmax,top50,8,40,32,2.194822,78.76,1.733971,17.428225,6.903114,35.594134,0.0594
both,symmetric,1.0,1.0,softmax,top50,8,40,33,2.019207,79.06,1.738201,17.458510,6.878134,35.487434,0.0563
both,symmetric,1.0,1.0,softmax,top50,8,40,34,2.224545,79.58,1.743775,17.338609,6.851211,35.843171,0.0594
both,symmetric,1.0,1.0,softmax,top50,8,40,35,2.006957,79.12,1.747302,17.419882,6.883544,35.612580,0.0594
both,symmetric,1.0,1.0,softmax,top50,8,40,36,1.893750,79.04,1.734528,17.365756,6.740390,35.587633,0.0625
both,symmetric,1.0,1.0,softmax,top50,8,40,37,1.986476,79.34,1.776752,17.120802,6.773905,35.156207,0.0563
both,symmetric,1.0,1.0,softmax,top50,8,40,38,1.940654,78.86,1.785368,17.128777,6.753913,35.346853,0.0594
both,symmetric,1.0,1.0,softmax,top50,8,40,39,1.823948,79.08,1.787490,17.124015,6.795611,35.488978,0.0594
both,symmetric,1.0,1.0,regret,top50,1,5,1,1.102090,51.24,1.430836,18.728298,12.971466,37.031858,0.0469
both,symmetric,1.0,1.0,regret,top50,1,5,2,0.971026,51.08,1.426438,18.362064,13.633446,36.110897,0.0500
both,symmetric,1.0,1.0,regret,top50,2,10,1,2.054575,51.24,1.430836,18.728298,12.971466,37.031858,0.0500
both,symmetric,1.0,1.0,regret,top50,2,10,2,1.405630,53.62,1.279509,15.373038,15.374872,32.364678,0.0531
both,symmetric,1.0,1.0,regret,top50,2,10,3,0.909678,52.72,1.271047,14.254944,15.767214,31.247555,0.0469
both,symmetric,1.0,1.0,regret,top50,2,10,4,0.860564,54.48,1.283779,14.814947,15.469007,31.632832,0.0500
both,symmetric,1.0,1.0,regret,top50,2,10,5,0.912737,54.60,1.313740,14.390365,15.106856,31.906317,0.0500
both,symmetric,1.0,1.0,regret,top50,2,10,6,0.846951,55.28,1.354803,14.392003,14.718948,31.746684,0.0500
both,symmetric,1.0,1.0,regret,top50,2,10,7,0.958515,55.34,1.352097,14.808100,14.554207,32.113317,0.0500
both,symmetric,1.0,1.0,regret,top50,2,10,8,0.952225,55.68,1.373421,14.769990,14.257983,31.950398,0.0469
both,symmetric,1.0,1.0,regret,top50,2,10,9,0.859603,54.92,1.378674,14.834813,14.035991,32.512357,0.0500
both,symmetric,1.0,1.0,regret,top50,4,20,1,4.382550,51.24,1.430836,18.728298,12.971466,37.031858,0.0563
both,symmetric,1.0,1.0,regret,top50,4,20,2,2.783868,52.14,1.241386,14.918999,15.945755,32.706823,0.0437
both,symmetric,1.0,1.0,regret,top50,4,20,3,1.846873,53.22,1.222091,13.293973,16.028438,32.109210,0.0469
both,symmetric,1.0,1.0,regret,top50,4,20,4,1.747133,52.72,1.222685,13.395662,15.281436,31.469327,0.0563
both,symmetric,1.0,1.0,regret,top50,4,20,5,1.722855,53.62,1.278565,13.978820,14.638234,31.641243,0.0531
both,symmetric,1.0,1.0,regret,top50,4,20,6,1.484241,54.30,1.316480,13.729785,14.147882,31.162221,0.0594
both,symmetric,1.0,1.0,regret,top50,4,20,7,1.469319,55.82,1.415349,14.199446,13.499776,32.030814,0.0469
both,symmetric,1.0,1.0,regret,top50,4,20,8,1.367091,54.80,1.455794,14.659360,12.523930,31.308000,0.0531
both,symmetric,1.0,1.0,regret,top50,4,20,9,1.766042,54.92,1.462854,14.884522,11.481598,32.306216,0.0500
both,symmetric,1.0,1.0,regret,top50,4,20,10,1.676789,56.76,1.498712,14.721458,11.013574,32.485198,0.0531
both,symmetric,1.0,1.0,regret,top50,4,20,11,1.400399,58.42,1.511427,14.169505,10.675793,32.159812,0.0531
both,symmetric,1.0,1.0,regret,top50,4,20,12,1.399642,57.62,1.527850,13.730420,10.468818,32.313598,0.0500
both,symmetric,1.0,1.0,regret,top50,4,20,13,1.539919,57.64,1.550877,14.167162,10.219205,32.615910,0.0500
both,symmetric,1.0,1.0,regret,top50,4,20,14,1.442947,57.84,1.561469,14.464216,9.889046,32.594716,0.0500
both,symmetric,1.0,1.0,regret,top50,4,20,15,1.443596,58.76,1.578289,14.460955,9.715321,32.301111,0.0531
both,symmetric,1.0,1.0,regret,top50,4,20,16,1.625406,58.94,1.582244,14.764439,9.518737,32.423787,0.0531
both,symmetric,1.0,1.0,regret,top50,4,20,17,1.658199,58.94,1.564971,15.279390,9.334808,32.369666,0.0563
both,symmetric,1.0,1.0,regret,top50,4,20,18,1.707154,59.98,1.581713,15.016764,9.070018,32.111126,0.0531
both,symmetric,1.0,1.0,regret,top50,4,20,19,1.669704,60.00,1.576196,14.988649,9.039386,31.828777,0.0500
both,symmetric,1.0,1.0,regret,top50,4,20,20,1.683920,60.50,1.582999,14.782675,8.838662,31.248797,0.0531
both,symmetric,1.0,1.0,regret,top50,4,20,21,1.702241,61.70,1.582064,14.826324,8.707832,31.124233,0.0531
both,symmetric,1.0,1.0,regret,top50,4,20,22,1.269223,61.88,1.616359,14.357250,8.554592,30.045952,0.0531
both,symmetric,1.0,1.0,regret,top50,4,20,23,1.046671,62.62,1.629262,14.084805,8.454773,29.734175,0.0594
both,symmetric,1.0,1.0,regret,top50,4,20,24,1.153759,63.26,1.641721,14.197521,8.440899,29.296719,0.0625
both,symmetric,1.0,1.0,regret,top50,8,40,1,8.229801,51.24,1.430836,18.728298,12.971466,37.031858,0.0531
both,symmetric,1.0,1.0,regret,top50,8,40,2,5.869510,51.16,1.267477,14.337563,15.905419,32.524745,0.0500
both,symmetric,1.0,1.0,regret,top50,8,40,3,4.252823,54.94,1.261477,13.017356,16.088422,31.585328,0.0469
both,symmetric,1.0,1.0,regret,top50,8,40,4,3.860319,54.84,1.301923,12.569511,15.052476,32.022358,0.0437
both,symmetric,1.0,1.0,regret,top50,8,40,5,3.565050,55.44,1.300400,12.178899,14.577418,31.740255,0.0531
both,symmetric,1.0,1.0,regret,top50,8,40,6,3.597230,58.10,1.342831,12.299118,13.502559,32.097216,0.0688
both,symmetric,1.0,1.0,regret,top50,8,40,7,3.362029,59.00,1.406098,12.299660,12.653603,31.892949,0.0531
both,symmetric,1.0,1.0,regret,top50,8,40,8,3.093941,59.00,1.492346,12.766412,11.749889,31.768557,0.0469
both,symmetric,1.0,1.0,regret,top50,8,40,9,4.015496,58.02,1.498390,13.324687,11.271898,33.330710,0.0563
both,symmetric,1.0,1.0,regret,top50,8,40,10,3.419902,60.12,1.544051,13.206596,10.753823,33.383360,0.0500
both,symmetric,1.0,1.0,regret,top50,8,40,11,3.386249,59.00,1.574545,13.348530,10.134993,33.065641,0.0594
both,symmetric,1.0,1.0,regret,top50,8,40,12,3.513845,59.36,1.635121,13.198474,9.366777,33.211258,0.0531
both,symmetric,1.0,1.0,regret,top50,8,40,13,3.724395,59.26,1.590526,14.542151,8.910955,33.507127,0.0500
both,symmetric,1.0,1.0,regret,top50,8,40,14,2.720189,61.78,1.608067,15.009635,8.578795,34.449265,0.0406
both,symmetric,1.0,1.0,regret,top50,8,40,15,2.570940,62.56,1.638368,14.988632,8.168283,34.514798,0.0531
both,symmetric,1.0,1.0,regret,top50,8,40,16,3.132344,64.00,1.685254,15.426198,7.660236,34.525213,0.0531
both,symmetric,1.0,1.0,regret,top50,8,40,17,2.787673,67.20,1.746212,16.085238,7.115868,35.640650,0.0500
both,symmetric,1.0,1.0,regret,top50,8,40,18,2.073657,66.76,1.766102,16.978437,7.028384,35.647789,0.0469
both,symmetric,1.0,1.0,regret,top50,8,40,19,2.053192,66.96,1.753967,17.054347,6.745534,36.053245,0.0531
both,symmetric,1.0,1.0,regret,top50,8,40,20,2.137746,69.14,1.710039,16.830320,6.385141,35.425923,0.0437
both,symmetric,1.0,1.0,regret,top50,8,40,21,2.097049,68.56,1.753471,17.641530,6.059534,34.807850,0.0437
both,symmetric,1.0,1.0,regret,top50,8,40,22,1.657591,70.84,1.759676,17.291469,5.840813,35.236885,0.0500
both,symmetric,1.0,1.0,regret,top50,8,40,23,2.682442,70.62,1.748060,17.525673,5.517640,35.379586,0.0531
both,symmetric,1.0,1.0,regret,top50,8,40,24,1.422474,71.16,1.794506,17.207445,5.271096,34.444783,0.0469
both,symmetric,1.0,1.0,regret,top50,8,40,25,1.122921,71.84,1.786913,16.370785,5.248695,34.823060,0.0469
both,symmetric,1.0,1.0,regret,top50,8,40,26,1.416130,72.56,1.806777,16.257833,5.155602,34.075733,0.0469
both,symmetric,1.0,1.0,regret,top50,8,40,27,0.936052,72.80,1.811028,16.382314,5.158588,33.922163,0.0469
both,symmetric,1.0,1.0,regret,top50,8,40,28,1.130310,73.68,1.843522,16.369384,5.113334,33.798002,0.0469
both,symmetric,1.0,1.0,regret,top50,8,40,29,0.843461,74.20,1.853329,16.269784,4.964454,33.323932,0.0469
both,symmetric,1.0,1.0,entropy,top50,1,5,1,1.399330,51.24,1.430836,18.728298,12.971466,37.031858,0.0594
both,symmetric,1.0,1.0,entropy,top50,1,5,2,0.910731,51.02,1.292738,16.131170,15.834452,32.228558,0.0563
both,symmetric,1.0,1.0,entropy,top50,1,5,3,0.535089,52.60,1.305001,15.558440,16.087317,30.770322,0.0469
both,symmetric,1.0,1.0,entropy,top50,1,5,4,0.360725,54.00,1.332087,15.647998,15.449546,31.623447,0.0563
both,symmetric,1.0,1.0,entropy,top50,1,5,5,0.192180,56.38,1.399520,15.188159,15.150347,30.317836,0.0437
both,symmetric,1.0,1.0,entropy,top50,1,5,6,0.204125,55.56,1.417353,15.170651,14.808469,30.761095,0.0437
both,symmetric,1.0,1.0,entropy,top50,1,5,7,0.189597,56.38,1.417688,14.970479,14.749653,31.110588,0.0437
both,symmetric,1.0,1.0,entropy,top50,2,10,1,2.690468,51.24,1.430836,18.728298,12.971466,37.031858,0.0500
both,symmetric,1.0,1.0,entropy,top50,2,10,2,1.865243,53.96,1.247436,15.185990,15.976890,31.740884,0.0719
both,symmetric,1.0,1.0,entropy,top50,2,10,3,1.383142,56.98,1.247419,14.636612,16.056918,30.329419,0.0563
both,symmetric,1.0,1.0,entropy,top50,2,10,4,1.184999,57.26,1.284683,13.431576,15.562531,30.074833,0.0531
both,symmetric,1.0,1.0,entropy,top50,2,10,5,0.910041,57.88,1.345037,12.573500,15.128218,30.493137,0.0531
both,symmetric,1.0,1.0,entropy,top50,2,10,6,0.906756,59.22,1.404133,12.121942,14.367227,30.157459,0.0625
both,symmetric,1.0,1.0,entropy,top50,2,10,7,0.661183,58.54,1.411386,12.361970,13.704704,29.949103,0.0531
both,symmetric,1.0,1.0,entropy,top50,2,10,8,0.566006,59.82,1.439550,13.259781,13.003429,30.871029,0.0531
both,symmetric,1.0,1.0,entropy,top50,2,10,9,0.734666,60.82,1.494055,13.134990,12.732484,31.446485,0.0531
both,symmetric,1.0,1.0,entropy,top50,2,10,10,0.668379,59.98,1.514841,13.152364,12.470874,31.517935,0.0563
both,symmetric,1.0,1.0,entropy,top50,2,10,11,0.631325,60.46,1.531365,13.300322,12.429720,31.939066,0.0500
both,symmetric,1.0,1.0,entropy,top50,2,10,12,0.600398,60.64,1.544445,12.812667,12.410659,31.482577,0.0531
both,symmetric,1.0,1.0,entropy,top50,2,10,13,0.533259,60.42,1.564166,12.982856,12.214043,31.508183,0.0500
both,symmetric,1.0,1.0,entropy,top50,2,10,14,0.470460,60.70,1.574633,13.201420,12.052659,31.082237,0.0500
both,symmetric,1.0,1.0,entropy,top50,2,10,15,0.419810,61.54,1.560612,12.890488,11.959539,30.809273,0.0500
both,symmetric,1.0,1.0,entropy,top50,2,10,16,0.408999,61.36,1.537757,12.952195,11.989025,31.072570,0.0469
both,symmetric,1.0,1.0,entropy,top50,2,10,17,0.414099,61.46,1.539276,13.513389,11.933134,31.514228,0.0531
both,symmetric,1.0,1.0,entropy,top50,2,10,18,0.492632,60.78,1.528623,13.404371,11.880408,31.476996,0.0500
both,symmetric,1.0,1.0,entropy,top50,2,10,19,0.528681,61.04,1.538784,13.372974,11.855452,30.956701,0.0500
both,symmetric,1.0,1.0,entropy,top50,2,10,20,0.333309,61.82,1.539931,13.112224,11.743785,30.997069,0.0500
both,symmetric,1.0,1.0,entropy,top50,4,20,1,5.670180,51.24,1.430836,18.728298,12.971466,37.031858,0.0594
both,symmetric,1.0,1.0,entropy,top50,4,20,2,3.967890,52.00,1.243929,14.903600,15.998701,32.112578,0.0594
both,symmetric,1.0,1.0,entropy,top50,4,20,3,3.704265,52.76,1.244122,14.321846,16.135701,32.018640,0.0531
both,symmetric,1.0,1.0,entropy,top50,4,20,4,3.482869,55.60,1.270381,13.348575,15.504107,30.956399,0.0500
both,symmetric,1.0,1.0,entropy,top50,4,20,5,3.024484,56.98,1.347054,13.303906,14.930627,31.226465,0.0500
both,symmetric,1.0,1.0,entropy,top50,4,20,6,2.722150,58.40,1.408112,12.845023,14.163564,31.741862,0.0500
both,symmetric,1.0,1.0,entropy,top50,4,20,7,2.424460,58.54,1.419478,12.198613,13.548984,31.673203,0.0563
both,symmetric,1.0,1.0,entropy,top50,4,20,8,2.163311,59.76,1.441200,11.909941,12.590800,32.215700,0.0531
both,symmetric,1.0,1.0,entropy,top50,4,20,9,2.053145,61.96,1.533639,12.927471,11.784573,33.221792,0.0531
both,symmetric,1.0,1.0,entropy,top50,4,20,10,1.961949,61.60,1.539608,13.285344,11.517053,33.200563,0.0531
both,symmetric,1.0,1.0,entropy,top50,4,20,11,1.884548,62.20,1.509747,13.221002,11.308471,32.299047,0.0500
both,symmetric,1.0,1.0,entropy,top50,4,20,12,1.842437,61.48,1.546958,13.698971,10.988283,34.271698,0.0500
both,symmetric,1.0,1.0,entropy,top50,4,20,13,2.089372,61.26,1.544619,14.123271,10.886183,34.164869,0.0563
both,symmetric,1.0,1.0,entropy,top50,4,20,14,1.361355,62.76,1.552348,14.526614,10.514317,34.441334,0.0625
both,symmetric,1.0,1.0,entropy,top50,4,20,15,1.537038,63.68,1.567077,14.159491,10.408058,34.891392,0.0594
both,symmetric,1.0,1.0,entropy,top50,4,20,16,1.314910,64.82,1.573194,14.596757,10.306271,34.785526,0.0656
both,symmetric,1.0,1.0,entropy,top50,4,20,17,1.421091,65.08,1.533860,14.793405,10.267147,34.364171,0.0625
both,symmetric,1.0,1.0,entropy,top50,4,20,18,1.485665,65.08,1.559714,14.374011,10.258711,35.071290,0.0563
both,symmetric,1.0,1.0,entropy,top50,4,20,19,1.165588,65.14,1.585422,14.040927,10.153670,34.996936,0.0625
both,symmetric,1.0,1.0,entropy,top50,4,20,20,1.172759,66.14,1.597908,14.176329,10.200669,35.193058,0.0625
both,symmetric,1.0,1.0,entropy,top50,4,20,21,1.201827,64.94,1.632942,14.238126,10.049483,34.793828,0.0656
both,symmetric,1.0,1.0,entropy,top50,4,20,22,0.896338,64.90,1.665788,13.825719,10.004605,34.813912,0.0688
both,symmetric,1.0,1.0,entropy,top50,4,20,23,0.947616,64.78,1.650678,14.220310,10.036696,34.759050,0.0594
both,symmetric,1.0,1.0,entropy,top50,4,20,24,0.882060,65.22,1.659669,14.214055,9.919260,35.023163,0.0656
both,symmetric,1.0,1.0,entropy,top50,4,20,25,0.928701,64.58,1.661176,14.213277,9.977861,35.039854,0.0594
both,symmetric,1.0,1.0,entropy,top50,4,20,26,0.887006,65.04,1.680375,13.835649,9.998306,34.655200,0.0625
both,symmetric,1.0,1.0,entropy,top50,4,20,27,0.918294,65.56,1.657820,14.164102,10.008281,34.944380,0.0594
both,symmetric,1.0,1.0,entropy,top50,4,20,28,0.849349,66.40,1.669511,14.170641,9.928714,34.766410,0.0594
both,symmetric,1.0,1.0,entropy,top50,4,20,29,0.763914,65.78,1.702032,14.173219,9.934093,34.867946,0.0594
both,symmetric,1.0,1.0,entropy,top50,4,20,30,0.691131,66.00,1.695798,13.960522,9.961665,34.960980,0.0594
both,symmetric,1.0,1.0,entropy,top50,4,20,31,0.629362,66.62,1.702012,14.071685,9.965987,35.121300,0.0625
both,symmetric,1.0,1.0,entropy,top50,4,20,32,0.782290,65.12,1.693971,14.173070,9.940825,35.377228,0.0594
both,symmetric,1.0,1.0,entropy,top50,8,40,1,10.827096,51.24,1.430836,18.728298,12.971466,37.031858,0.0750
both,symmetric,1.0,1.0,entropy,top50,8,40,2,8.354159,53.82,1.265948,14.546915,15.909026,32.887280,0.0625
both,symmetric,1.0,1.0,entropy,top50,8,40,3,6.991287,56.06,1.296173,14.037403,15.804269,31.273415,0.0656
both,symmetric,1.0,1.0,entropy,top50,8,40,4,6.813448,56.94,1.328488,15.541335,15.067152,30.458546,0.0594
both,symmetric,1.0,1.0,entropy,top50,8,40,5,6.411476,58.50,1.357434,15.161226,14.368382,30.249728,0.0594
both,symmetric,1.0,1.0,entropy,top50,8,40,6,5.959407,60.08,1.397676,15.790586,13.641768,30.679550,0.0656
both,symmetric,1.0,1.0,entropy,top50,8,40,7,6.229522,58.92,1.454096,16.269180,12.777971,31.577566,0.0563
both,symmetric,1.0,1.0,entropy,top50,8,40,8,5.720963,61.14,1.512705,15.210562,12.249546,31.810564,0.0594
both,symmetric,1.0,1.0,entropy,top50,8,40,9,5.377179,62.96,1.560151,16.004017,11.593076,32.565646,0.0719
both,symmetric,1.0,1.0,entropy,top50,8,40,10,5.449832,62.26,1.613479,15.903204,11.076669,33.443421,0.0625
both,symmetric,1.0,1.0,entropy,top50,8,40,11,5.813501,64.90,1.616426,15.637728,10.598006,33.696919,0.0656
both,symmetric,1.0,1.0,entropy,top50,8,40,12,5.044523,65.40,1.642012,15.555802,9.920708,33.979198,0.0656
both,symmetric,1.0,1.0,entropy,top50,8,40,13,4.936334,65.42,1.670364,15.068078,9.490329,34.628763,0.0594
both,symmetric,1.0,1.0,entropy,top50,8,40,14,4.286126,67.98,1.691809,15.371313,8.958395,33.950626,0.0688
both,symmetric,1.0,1.0,entropy,top50,8,40,15,3.900707,68.54,1.700875,15.054418,8.869828,35.039504,0.0625
both,symmetric,1.0,1.0,entropy,top50,8,40,16,3.547498,69.04,1.754597,15.064352,8.502717,35.076910,0.0656
both,symmetric,1.0,1.0,entropy,top50,8,40,17,3.635619,70.10,1.767007,15.125097,8.218674,35.227037,0.0656
both,symmetric,1.0,1.0,entropy,top50,8,40,18,3.038442,71.42,1.714232,15.401916,8.097131,35.826565,0.0625
both,symmetric,1.0,1.0,entropy,top50,8,40,19,2.807032,71.32,1.728726,14.883683,7.738735,36.736918,0.0688
both,symmetric,1.0,1.0,entropy,top50,8,40,20,2.954049,71.26,1.736303,15.401705,7.357950,36.254317,0.0688
both,symmetric,1.0,1.0,entropy,top50,8,40,21,3.297653,70.72,1.766878,15.036589,7.300344,36.166396,0.0719
both,symmetric,1.0,1.0,entropy,top50,8,40,22,2.976149,72.76,1.742291,14.621527,7.146574,35.569953,0.0656
both,symmetric,1.0,1.0,entropy,top50,8,40,23,2.806502,72.54,1.803852,15.171768,6.972365,35.646903,0.0625
both,symmetric,1.0,1.0,entropy,top50,8,40,24,2.903404,72.18,1.775329,15.069425,6.847637,35.392901,0.0594
both,symmetric,1.0,1.0,entropy,top50,8,40,25,2.358284,74.18,1.813691,14.961958,6.757941,35.073881,0.0625
both,symmetric,1.0,1.0,entropy,top50,8,40,26,2.475860,75.14,1.878480,14.732696,6.751296,35.436337,0.0688
both,symmetric,1.0,1.0,entropy,top50,8,40,27,2.138193,75.00,1.886957,14.813694,6.704002,34.959921,0.0625
both,symmetric,1.0,1.0,entropy,top50,8,40,28,2.038376,75.46,1.861838,15.310452,6.582067,35.498910,0.0625
both,symmetric,1.0,1.0,entropy,top50,8,40,29,1.662308,75.22,1.841998,15.434911,6.574101,35.893032,0.0625
both,symmetric,1.0,1.0,entropy,top50,8,40,30,1.433372,76.38,1.848298,15.352656,6.581362,35.376812,0.0625
both,symmetric,1.0,1.0,entropy,top50,8,40,31,1.260818,77.48,1.831664,15.182914,6.445956,34.603338,0.0563
both,symmetric,1.0,1.0,entropy,top50,8,40,32,1.452903,76.76,1.842433,15.562815,6.361783,35.302259,0.0656
both,symmetric,1.0,1.0,entropy,top50,8,40,33,0.913703,77.78,1.845454,15.711431,6.351036,35.050334,0.0688
both,symmetric,1.0,1.0,entropy,top50,8,40,34,1.148975,78.12,1.832128,15.573943,6.390297,35.228530,0.0625
both,symmetric,1.0,1.0,entropy,top50,8,40,35,1.025895,78.30,1.824012,15.715672,6.299210,35.064744,0.0594
both,symmetric,1.0,1.0,entropy,top50,8,40,36,0.664252,78.00,1.812804,15.802090,6.355976,35.606242,0.0594
both,symmetric,1.0,1.0,entropy,top50,8,40,37,0.858693,77.96,1.825325,15.309440,6.256993,34.924938,0.0625
both,symmetric,1.0,1.0,entropy,top50,8,40,38,0.656822,78.40,1.822709,15.290483,6.233226,34.802103,0.0563
both,symmetric,1.0,1.0,entropy,top50,8,40,39,0.709137,78.30,1.794865,15.475564,6.231789,35.274228,0.0594
