mode,sampling_mode,chance_temperature,utility_temperature,fitness_type,stop_mode,n_decision_rules,n_decision_rules_pct,total_rules,rep,seed,stop_generation,best_fitness,best_accuracy,best_mse_chance,best_mse_utility,best_entropy_norm,best_util_dev,cpu_per_gen,cpu_total
both,non_symmetric,1.0,1.0,binary,top50,1,5,20,0,42,1,0.500000,85.00,0.583406,6.150920,10.575905,44.078699,0.0469,0.0469
both,non_symmetric,1.0,1.0,binary,top50,1,5,20,1,43,1,0.420000,85.00,0.677142,6.110768,9.209246,44.272709,0.0469,0.0469
both,non_symmetric,1.0,1.0,binary,top50,1,5,20,2,44,1,0.460000,80.00,0.602174,5.635433,10.416201,44.322257,0.0469,0.0469
both,non_symmetric,1.0,1.0,binary,top50,1,5,20,3,45,1,0.480000,75.00,0.602671,6.751976,10.568043,44.299241,0.0312,0.0312
both,non_symmetric,1.0,1.0,binary,top50,1,5,20,4,46,2,0.500000,65.00,0.641081,6.844162,9.215610,44.103585,0.2656,0.5312
both,non_symmetric,1.0,1.0,binary,top50,1,5,20,5,47,3,0.380000,85.00,0.642475,6.456786,6.038182,44.305627,0.3177,0.9531
both,non_symmetric,1.0,1.0,binary,top50,1,5,20,6,48,2,0.320000,80.00,1.022310,5.706065,8.199373,44.345971,0.3359,0.6719
both,non_symmetric,1.0,1.0,binary,top50,1,5,20,7,49,1,0.400000,75.00,0.470047,4.539802,10.379995,44.373466,0.0469,0.0469
both,non_symmetric,1.0,1.0,binary,top50,1,5,20,8,50,2,0.380000,85.00,0.684797,5.937293,7.699938,44.025725,0.3125,0.6250
both,non_symmetric,1.0,1.0,binary,top50,1,5,20,9,51,2,0.440000,75.00,0.807805,6.679476,7.707395,44.221587,0.3125,0.6250
both,non_symmetric,1.0,1.0,binary,top50,2,10,20,0,42,6,0.540000,85.00,0.641759,5.859714,4.740285,44.400418,0.3542,2.1250
both,non_symmetric,1.0,1.0,binary,top50,2,10,20,1,43,1,0.860000,85.00,0.677142,6.110768,9.209246,44.272709,0.0312,0.0312
both,non_symmetric,1.0,1.0,binary,top50,2,10,20,2,44,3,0.540000,85.00,0.437152,7.544860,7.084290,44.441922,0.3385,1.0156
both,non_symmetric,1.0,1.0,binary,top50,2,10,20,3,45,3,0.480000,85.00,0.586379,7.692164,4.824566,44.187754,0.3438,1.0312
both,non_symmetric,1.0,1.0,binary,top50,2,10,20,4,46,4,0.460000,85.00,0.653440,7.437720,4.367462,44.199487,0.3438,1.3750
both,non_symmetric,1.0,1.0,binary,top50,2,10,20,5,47,5,0.540000,75.00,0.703755,5.257762,5.799248,44.382235,0.3531,1.7656
both,non_symmetric,1.0,1.0,binary,top50,2,10,20,6,48,5,0.360000,85.00,0.846023,7.754019,3.567647,44.235726,0.3719,1.8594
both,non_symmetric,1.0,1.0,binary,top50,2,10,20,7,49,3,0.600000,75.00,0.889310,10.451097,5.601717,44.119537,0.3438,1.0312
both,non_symmetric,1.0,1.0,binary,top50,2,10,20,8,50,7,0.500000,85.00,0.515511,8.677506,4.037531,44.429179,0.3728,2.6094
both,non_symmetric,1.0,1.0,binary,top50,2,10,20,9,51,6,0.500000,85.00,0.595598,10.671211,5.564124,44.438411,0.3542,2.1250
both,non_symmetric,1.0,1.0,binary,top50,4,20,20,0,42,7,0.640000,85.00,1.128633,9.268417,4.938193,44.434754,0.3638,2.5469
both,non_symmetric,1.0,1.0,binary,top50,4,20,20,1,43,7,0.820000,85.00,0.732150,10.205828,5.843799,44.371835,0.3237,2.2656
both,non_symmetric,1.0,1.0,binary,top50,4,20,20,2,44,8,0.740000,90.00,0.740403,9.724329,3.325634,44.443935,0.3301,2.6406
both,non_symmetric,1.0,1.0,binary,top50,4,20,20,3,45,7,0.600000,90.00,0.846456,6.094581,2.189587,44.444280,0.3616,2.5312
both,non_symmetric,1.0,1.0,binary,top50,4,20,20,4,46,15,0.460000,85.00,0.918772,8.202530,2.923900,44.438771,0.3271,4.9062
both,non_symmetric,1.0,1.0,binary,top50,4,20,20,5,47,19,0.560000,85.00,1.102650,6.122687,1.948809,44.436616,0.3495,6.6406
both,non_symmetric,1.0,1.0,binary,top50,4,20,20,6,48,10,0.480000,80.00,0.943403,6.256737,1.992745,44.439205,0.3609,3.6094
both,non_symmetric,1.0,1.0,binary,top50,4,20,20,7,49,9,0.740000,85.00,0.954319,10.582562,1.900487,44.435465,0.3663,3.2969
both,non_symmetric,1.0,1.0,binary,top50,4,20,20,8,50,7,0.600000,85.00,0.714356,9.924164,3.635768,44.393453,0.3438,2.4062
both,non_symmetric,1.0,1.0,binary,top50,4,20,20,9,51,16,0.860000,85.00,0.708853,10.518007,1.796312,44.444444,0.3428,5.4844
both,non_symmetric,1.0,1.0,binary,top50,8,40,20,0,42,16,0.720000,95.00,1.134671,12.311457,2.320228,44.329641,0.3516,5.6250
both,non_symmetric,1.0,1.0,binary,top50,8,40,20,1,43,10,0.540000,95.00,0.573488,12.266891,1.957469,44.444444,0.3187,3.1875
both,non_symmetric,1.0,1.0,binary,top50,8,40,20,2,44,14,0.460000,85.00,1.128073,11.023559,1.911891,44.427010,0.3493,4.8906
both,non_symmetric,1.0,1.0,binary,top50,8,40,20,3,45,11,0.600000,95.00,1.402767,9.123572,3.298541,44.227899,0.3523,3.8750
both,non_symmetric,1.0,1.0,binary,top50,8,40,20,4,46,17,0.780000,95.00,1.200935,8.834791,1.022326,44.443092,0.3676,6.2500
both,non_symmetric,1.0,1.0,binary,top50,8,40,20,5,47,12,0.680000,95.00,0.581424,9.591915,1.541524,44.368128,0.3581,4.2969
both,non_symmetric,1.0,1.0,binary,top50,8,40,20,6,48,44,0.480000,85.00,1.395176,15.117794,2.352251,44.398500,0.4205,18.5000
both,non_symmetric,1.0,1.0,binary,top50,8,40,20,7,49,27,0.520000,95.00,1.626471,16.587685,1.640252,44.444444,0.4583,12.3750
both,non_symmetric,1.0,1.0,binary,top50,8,40,20,8,50,14,0.760000,80.00,1.748445,14.503816,4.607161,44.296395,0.4810,6.7344
both,non_symmetric,1.0,1.0,binary,top50,8,40,20,9,51,60,1.180000,90.00,1.590887,11.813571,1.235916,44.443401,0.3357,20.1406
both,non_symmetric,1.0,1.0,margin,top50,1,5,20,0,42,2,0.663236,85.00,0.706031,7.100187,7.722508,44.099717,0.3125,0.6250
both,non_symmetric,1.0,1.0,margin,top50,1,5,20,1,43,5,0.425458,90.00,0.580033,4.452508,4.537220,44.403602,0.3469,1.7344
both,non_symmetric,1.0,1.0,margin,top50,1,5,20,2,44,4,0.429155,80.00,0.702914,8.814984,4.742219,43.923163,0.3438,1.3750
both,non_symmetric,1.0,1.0,margin,top50,1,5,20,3,45,3,0.629661,75.00,0.757019,6.579980,7.662667,43.977501,0.2604,0.7812
both,non_symmetric,1.0,1.0,margin,top50,1,5,20,4,46,4,0.561947,85.00,1.036469,9.824646,5.563255,44.443452,0.3516,1.4062
both,non_symmetric,1.0,1.0,margin,top50,1,5,20,5,47,5,0.933597,95.00,0.570403,8.885199,3.970379,44.435584,0.3469,1.7344
both,non_symmetric,1.0,1.0,margin,top50,1,5,20,6,48,2,1.184711,80.00,0.584601,4.547128,5.331902,44.222431,0.3281,0.6562
both,non_symmetric,1.0,1.0,margin,top50,1,5,20,7,49,5,0.600971,95.00,0.612489,9.464208,5.843988,44.427333,0.3531,1.7656
both,non_symmetric,1.0,1.0,margin,top50,1,5,20,8,50,4,0.864437,95.00,0.630572,8.034497,6.533149,44.336532,0.3242,1.2969
both,non_symmetric,1.0,1.0,margin,top50,1,5,20,9,51,3,1.117221,85.00,0.799793,4.946450,7.984032,44.398524,0.3542,1.0625
both,non_symmetric,1.0,1.0,margin,top50,2,10,20,0,42,7,0.866990,75.00,0.917023,7.204262,3.762193,44.380508,0.3862,2.7031
both,non_symmetric,1.0,1.0,margin,top50,2,10,20,1,43,4,1.229986,85.00,0.608257,10.109691,6.533666,44.165977,0.3438,1.3750
both,non_symmetric,1.0,1.0,margin,top50,2,10,20,2,44,13,0.370277,85.00,1.011862,9.256312,5.301776,44.410818,0.3702,4.8125
both,non_symmetric,1.0,1.0,margin,top50,2,10,20,3,45,4,0.607989,95.00,0.688177,7.751602,6.247259,44.195143,0.3477,1.3906
both,non_symmetric,1.0,1.0,margin,top50,2,10,20,4,46,8,0.189800,80.00,1.109021,10.986728,2.184817,44.444439,0.3730,2.9844
both,non_symmetric,1.0,1.0,margin,top50,2,10,20,5,47,12,0.222584,95.00,0.654140,8.237625,4.606794,44.443085,0.3424,4.1094
both,non_symmetric,1.0,1.0,margin,top50,2,10,20,6,48,10,0.549138,100.00,0.860877,6.900657,5.703634,43.657688,0.3484,3.4844
both,non_symmetric,1.0,1.0,margin,top50,2,10,20,7,49,6,0.665759,85.00,0.737078,7.463555,5.385216,44.405680,0.3255,1.9531
both,non_symmetric,1.0,1.0,margin,top50,2,10,20,8,50,7,0.651022,80.00,0.934884,11.552172,4.568611,44.441760,0.3683,2.5781
both,non_symmetric,1.0,1.0,margin,top50,2,10,20,9,51,10,0.417259,75.00,0.676063,10.985392,3.415932,44.443347,0.3578,3.5781
both,non_symmetric,1.0,1.0,margin,top50,4,20,20,0,42,14,0.375801,95.00,0.940787,5.047435,5.571742,43.973317,0.3694,5.1719
both,non_symmetric,1.0,1.0,margin,top50,4,20,20,1,43,16,0.418411,85.00,0.680462,10.182134,2.223047,44.313580,0.3467,5.5469
both,non_symmetric,1.0,1.0,margin,top50,4,20,20,2,44,12,0.608981,85.00,1.056017,7.329597,5.088739,43.610071,0.3672,4.4062
both,non_symmetric,1.0,1.0,margin,top50,4,20,20,3,45,10,0.933949,80.00,0.834597,16.737512,5.372554,44.371715,0.3578,3.5781
both,non_symmetric,1.0,1.0,margin,top50,4,20,20,4,46,9,0.543326,90.00,0.663713,10.474787,2.627059,44.118602,0.5243,4.7188
both,non_symmetric,1.0,1.0,margin,top50,4,20,20,5,47,14,1.381759,95.00,1.274747,13.404059,3.487302,44.430740,0.4777,6.6875
both,non_symmetric,1.0,1.0,margin,top50,4,20,20,6,48,18,0.651264,95.00,1.916321,12.828237,2.632395,43.930376,0.4410,7.9375
both,non_symmetric,1.0,1.0,margin,top50,4,20,20,7,49,8,1.031086,85.00,0.474834,5.717845,5.433565,44.363933,0.4473,3.5781
both,non_symmetric,1.0,1.0,margin,top50,4,20,20,8,50,24,0.610923,80.00,0.644847,8.066877,3.147053,44.444272,0.4102,9.8438
both,non_symmetric,1.0,1.0,margin,top50,4,20,20,9,51,42,0.597010,90.00,1.309308,17.882387,0.520816,44.444420,0.4405,18.5000
both,non_symmetric,1.0,1.0,margin,top50,8,40,20,0,42,26,0.061810,100.00,1.939725,10.025318,3.396126,44.442116,0.4964,12.9062
both,non_symmetric,1.0,1.0,margin,top50,8,40,20,1,43,29,0.965473,95.00,0.780716,9.945749,4.253107,44.190076,0.4499,13.0469
both,non_symmetric,1.0,1.0,margin,top50,8,40,20,2,44,41,0.398287,85.00,1.992101,13.151178,4.535535,44.368412,0.4192,17.1875
both,non_symmetric,1.0,1.0,margin,top50,8,40,20,3,45,18,0.153975,95.00,0.913222,15.029784,4.617182,44.416790,0.4314,7.7656
both,non_symmetric,1.0,1.0,margin,top50,8,40,20,4,46,39,0.457424,85.00,0.798421,20.765978,2.494382,44.444444,0.4728,18.4375
both,non_symmetric,1.0,1.0,margin,top50,8,40,20,5,47,32,1.033723,95.00,0.992603,16.966253,2.740740,44.442440,0.4814,15.4062
both,non_symmetric,1.0,1.0,margin,top50,8,40,20,6,48,34,0.474871,95.00,1.864343,18.278620,2.935133,44.104444,0.4329,14.7188
both,non_symmetric,1.0,1.0,margin,top50,8,40,20,7,49,45,0.383048,75.00,1.632678,20.838768,1.262690,43.928073,0.3215,14.4688
both,non_symmetric,1.0,1.0,margin,top50,8,40,20,8,50,33,0.338894,95.00,0.941906,19.957807,1.873330,44.444444,0.3343,11.0312
both,non_symmetric,1.0,1.0,margin,top50,8,40,20,9,51,60,2.042970,65.00,1.334901,16.966921,2.362046,44.396733,0.3456,20.7344
both,non_symmetric,1.0,1.0,softmax,top50,1,5,20,0,42,5,0.283732,75.00,0.792927,10.447634,5.646965,44.091255,0.3469,1.7344
both,non_symmetric,1.0,1.0,softmax,top50,1,5,20,1,43,5,0.092238,75.00,0.662107,11.037723,4.343431,44.405191,0.3656,1.8281
both,non_symmetric,1.0,1.0,softmax,top50,1,5,20,2,44,6,0.266707,85.00,0.654206,11.935276,4.374310,44.397288,0.3438,2.0625
both,non_symmetric,1.0,1.0,softmax,top50,1,5,20,3,45,6,0.248330,95.00,1.013919,8.617065,3.625441,44.441498,0.3750,2.2500
both,non_symmetric,1.0,1.0,softmax,top50,1,5,20,4,46,7,0.699474,95.00,0.968615,8.618666,5.924293,44.420426,0.3571,2.5000
both,non_symmetric,1.0,1.0,softmax,top50,1,5,20,5,47,6,0.095333,75.00,0.652923,9.327000,3.978243,44.444085,0.3620,2.1719
both,non_symmetric,1.0,1.0,softmax,top50,1,5,20,6,48,9,0.324122,85.00,0.914998,10.537604,2.242295,44.443411,0.3524,3.1719
both,non_symmetric,1.0,1.0,softmax,top50,1,5,20,7,49,5,0.447449,85.00,0.675718,5.845508,4.592853,44.325626,0.3375,1.6875
both,non_symmetric,1.0,1.0,softmax,top50,1,5,20,8,50,8,0.335992,75.00,1.164682,9.259236,3.453656,44.388789,0.3477,2.7812
both,non_symmetric,1.0,1.0,softmax,top50,1,5,20,9,51,5,0.305380,75.00,0.708758,10.732018,5.126049,44.443308,0.3438,1.7188
both,non_symmetric,1.0,1.0,softmax,top50,2,10,20,0,42,11,0.629948,85.00,1.282789,20.159046,3.813719,44.437804,0.3423,3.7656
both,non_symmetric,1.0,1.0,softmax,top50,2,10,20,1,43,5,0.425459,85.00,0.556897,11.026014,6.241626,44.418969,0.3312,1.6562
both,non_symmetric,1.0,1.0,softmax,top50,2,10,20,2,44,24,0.441128,75.00,1.044721,14.613678,0.651949,44.444437,0.3236,7.7656
both,non_symmetric,1.0,1.0,softmax,top50,2,10,20,3,45,7,0.077655,85.00,0.758861,9.517442,4.513546,44.444319,0.3371,2.3594
both,non_symmetric,1.0,1.0,softmax,top50,2,10,20,4,46,13,0.121028,75.00,0.826291,9.037436,3.946923,44.431359,0.4026,5.2344
both,non_symmetric,1.0,1.0,softmax,top50,2,10,20,5,47,8,0.586432,85.00,0.753412,10.579539,1.246054,44.444421,0.4688,3.7500
both,non_symmetric,1.0,1.0,softmax,top50,2,10,20,6,48,18,0.419116,80.00,0.848626,8.450940,3.563560,44.174569,0.5017,9.0312
both,non_symmetric,1.0,1.0,softmax,top50,2,10,20,7,49,8,0.658187,85.00,0.750859,12.373423,3.282825,44.437623,0.5781,4.6250
both,non_symmetric,1.0,1.0,softmax,top50,2,10,20,8,50,8,0.205401,85.00,1.018442,14.338621,4.715634,44.437222,0.4707,3.7656
both,non_symmetric,1.0,1.0,softmax,top50,2,10,20,9,51,14,0.171833,80.00,2.135836,16.851830,1.514621,44.444296,0.4598,6.4375
both,non_symmetric,1.0,1.0,softmax,top50,4,20,20,0,42,13,0.769129,85.00,0.983642,10.754629,1.882446,44.444444,0.5060,6.5781
both,non_symmetric,1.0,1.0,softmax,top50,4,20,20,1,43,14,0.164159,90.00,0.930189,13.653057,4.530707,44.378833,0.4866,6.8125
both,non_symmetric,1.0,1.0,softmax,top50,4,20,20,2,44,24,0.250218,85.00,1.461170,12.223958,3.183530,44.440180,0.5176,12.4219
both,non_symmetric,1.0,1.0,softmax,top50,4,20,20,3,45,21,0.139188,75.00,1.010764,15.225990,4.019742,44.304727,0.5335,11.2031
both,non_symmetric,1.0,1.0,softmax,top50,4,20,20,4,46,13,0.165859,95.00,1.624715,13.664894,2.599497,44.369330,0.3798,4.9375
both,non_symmetric,1.0,1.0,softmax,top50,4,20,20,5,47,21,0.220873,100.00,2.412995,17.611340,1.902015,44.155719,0.3378,7.0938
both,non_symmetric,1.0,1.0,softmax,top50,4,20,20,6,48,15,0.787352,80.00,0.500054,7.401888,3.921475,44.442406,0.3302,4.9531
both,non_symmetric,1.0,1.0,softmax,top50,4,20,20,7,49,11,0.175221,95.00,0.924372,12.893481,2.064864,44.444439,0.3565,3.9219
both,non_symmetric,1.0,1.0,softmax,top50,4,20,20,8,50,13,0.289180,95.00,0.954527,14.081537,5.838240,44.437979,0.3510,4.5625
both,non_symmetric,1.0,1.0,softmax,top50,4,20,20,9,51,15,0.344540,80.00,0.831460,22.173015,1.712755,44.444410,0.3885,5.8281
both,non_symmetric,1.0,1.0,softmax,top50,8,40,20,0,42,13,2.068213,95.00,0.680628,16.180200,3.213536,43.760377,0.3762,4.8906
both,non_symmetric,1.0,1.0,softmax,top50,8,40,20,1,43,29,0.461394,95.00,0.766085,20.274553,5.042413,41.911657,0.3497,10.1406
both,non_symmetric,1.0,1.0,softmax,top50,8,40,20,2,44,38,0.171482,75.00,1.499073,21.882945,1.709485,44.429328,0.3528,13.4062
both,non_symmetric,1.0,1.0,softmax,top50,8,40,20,3,45,17,0.391078,85.00,1.317746,15.373619,3.175953,44.442728,0.3474,5.9062
both,non_symmetric,1.0,1.0,softmax,top50,8,40,20,4,46,21,1.509094,95.00,1.985372,11.037258,1.676293,44.041251,0.3579,7.5156
both,non_symmetric,1.0,1.0,softmax,top50,8,40,20,5,47,17,0.211674,95.00,1.185915,15.024560,5.433674,44.267672,0.3226,5.4844
both,non_symmetric,1.0,1.0,softmax,top50,8,40,20,6,48,25,0.221019,85.00,1.062495,13.680896,9.520076,44.440429,0.3575,8.9375
both,non_symmetric,1.0,1.0,softmax,top50,8,40,20,7,49,33,0.299382,95.00,1.016139,14.250221,2.812462,44.398575,0.3371,11.1250
both,non_symmetric,1.0,1.0,softmax,top50,8,40,20,8,50,12,5.840096,80.00,0.620610,9.657188,1.196991,44.444433,0.3646,4.3750
both,non_symmetric,1.0,1.0,softmax,top50,8,40,20,9,51,34,1.541447,80.00,0.639774,8.019952,4.518325,44.289225,0.4839,16.4531
both,non_symmetric,1.0,1.0,regret,top50,1,5,20,0,42,1,1.270247,85.00,0.583406,6.150920,10.575905,44.078699,0.0469,0.0469
both,non_symmetric,1.0,1.0,regret,top50,1,5,20,1,43,1,0.857726,85.00,0.677142,6.110768,9.209246,44.272709,0.0312,0.0312
both,non_symmetric,1.0,1.0,regret,top50,1,5,20,2,44,1,0.883310,80.00,0.602174,5.635433,10.416201,44.322257,0.0312,0.0312
both,non_symmetric,1.0,1.0,regret,top50,1,5,20,3,45,1,1.076873,75.00,0.602671,6.751976,10.568043,44.299241,0.0625,0.0625
both,non_symmetric,1.0,1.0,regret,top50,1,5,20,4,46,2,0.846667,80.00,0.613638,5.760822,9.018667,44.423372,0.3594,0.7188
both,non_symmetric,1.0,1.0,regret,top50,1,5,20,5,47,2,0.552006,85.00,0.736503,5.417409,7.324361,44.443609,0.3828,0.7656
both,non_symmetric,1.0,1.0,regret,top50,1,5,20,6,48,2,1.001051,80.00,0.604423,4.990626,7.629941,43.317003,0.3984,0.7969
both,non_symmetric,1.0,1.0,regret,top50,1,5,20,7,49,1,0.476529,75.00,0.470047,4.539802,10.379995,44.373466,0.0781,0.0781
both,non_symmetric,1.0,1.0,regret,top50,1,5,20,8,50,2,0.974525,85.00,0.686712,8.436482,6.491903,44.141928,0.3516,0.7031
both,non_symmetric,1.0,1.0,regret,top50,1,5,20,9,51,2,0.599026,80.00,0.643635,6.802277,7.928784,44.274667,0.3672,0.7344
both,non_symmetric,1.0,1.0,regret,top50,2,10,20,0,42,5,1.254379,90.00,0.824562,6.814984,3.171322,44.433849,0.4813,2.4062
both,non_symmetric,1.0,1.0,regret,top50,2,10,20,1,43,1,1.751076,85.00,0.677142,6.110768,9.209246,44.272709,0.0469,0.0469
both,non_symmetric,1.0,1.0,regret,top50,2,10,20,2,44,4,0.864592,75.00,0.665059,7.075165,6.863156,44.279439,0.3984,1.5938
both,non_symmetric,1.0,1.0,regret,top50,2,10,20,3,45,3,0.400013,75.00,0.577308,6.026607,5.875297,44.129138,0.4375,1.3125
both,non_symmetric,1.0,1.0,regret,top50,2,10,20,4,46,3,0.695610,95.00,0.690585,4.968642,6.330860,44.302064,0.4010,1.2031
both,non_symmetric,1.0,1.0,regret,top50,2,10,20,5,47,5,0.859047,85.00,0.617929,11.010689,5.824092,44.355069,0.5156,2.5781
both,non_symmetric,1.0,1.0,regret,top50,2,10,20,6,48,3,1.001558,80.00,0.593368,8.515103,6.555642,44.107559,0.5677,1.7031
both,non_symmetric,1.0,1.0,regret,top50,2,10,20,7,49,4,2.001254,95.00,0.891363,11.179795,3.595788,44.390541,0.5117,2.0469
both,non_symmetric,1.0,1.0,regret,top50,2,10,20,8,50,5,0.586982,85.00,0.743175,4.955952,3.570759,44.436749,0.5188,2.5938
both,non_symmetric,1.0,1.0,regret,top50,2,10,20,9,51,4,0.494735,90.00,0.775854,7.351189,3.936157,44.328126,0.4922,1.9688
both,non_symmetric,1.0,1.0,regret,top50,4,20,20,0,42,13,0.482363,85.00,0.931730,8.817348,3.533244,44.443027,0.3474,4.5156
both,non_symmetric,1.0,1.0,regret,top50,4,20,20,1,43,7,1.378123,85.00,1.098272,7.393532,1.685153,43.432800,0.3348,2.3438
both,non_symmetric,1.0,1.0,regret,top50,4,20,20,2,44,12,0.000808,85.00,0.971696,20.275526,1.049428,44.444444,0.3346,4.0156
both,non_symmetric,1.0,1.0,regret,top50,4,20,20,3,45,6,1.171403,95.00,0.932535,7.209978,4.044034,44.440879,0.3307,1.9844
both,non_symmetric,1.0,1.0,regret,top50,4,20,20,4,46,9,0.532153,85.00,0.709108,9.754232,2.376456,44.443391,0.3385,3.0469
both,non_symmetric,1.0,1.0,regret,top50,4,20,20,5,47,10,0.777370,90.00,0.910276,8.916336,1.809874,44.436942,0.3594,3.5938
both,non_symmetric,1.0,1.0,regret,top50,4,20,20,6,48,12,0.971792,95.00,1.208873,6.756368,3.296389,44.389559,0.3372,4.0469
both,non_symmetric,1.0,1.0,regret,top50,4,20,20,7,49,8,0.195011,80.00,0.617269,6.000769,3.863442,44.284088,0.3438,2.7500
both,non_symmetric,1.0,1.0,regret,top50,4,20,20,8,50,11,0.134431,90.00,1.093265,13.505699,2.731247,44.444444,0.3494,3.8438
both,non_symmetric,1.0,1.0,regret,top50,4,20,20,9,51,10,0.121077,90.00,0.836868,8.998301,3.425686,44.444382,0.4344,4.3438
both,non_symmetric,1.0,1.0,regret,top50,8,40,20,0,42,26,0.000028,85.00,1.869872,34.687172,2.759069,17.777681,0.4748,12.3438
both,non_symmetric,1.0,1.0,regret,top50,8,40,20,1,43,19,0.820013,95.00,1.019037,7.823647,0.762527,44.404159,0.4400,8.3594
both,non_symmetric,1.0,1.0,regret,top50,8,40,20,2,44,14,0.855606,90.00,0.658894,10.304283,1.655910,44.403853,0.5257,7.3594
both,non_symmetric,1.0,1.0,regret,top50,8,40,20,3,45,21,0.076638,85.00,1.372632,12.065593,1.247365,44.444350,0.5030,10.5625
both,non_symmetric,1.0,1.0,regret,top50,8,40,20,4,46,16,1.384384,95.00,0.743172,10.008663,3.559808,44.416241,0.4600,7.3594
both,non_symmetric,1.0,1.0,regret,top50,8,40,20,5,47,11,0.290263,95.00,1.092783,13.707774,2.005281,44.444435,0.4943,5.4375
both,non_symmetric,1.0,1.0,regret,top50,8,40,20,6,48,29,0.337700,95.00,0.940737,8.442715,1.262389,44.444422,0.4386,12.7188
both,non_symmetric,1.0,1.0,regret,top50,8,40,20,7,49,8,2.570114,95.00,0.971268,11.892408,1.169790,44.271611,0.3379,2.7031
both,non_symmetric,1.0,1.0,regret,top50,8,40,20,8,50,16,0.894943,85.00,0.949214,15.333559,1.461432,44.444441,0.3555,5.6875
both,non_symmetric,1.0,1.0,regret,top50,8,40,20,9,51,37,0.000014,90.00,1.885502,36.260688,0.659762,31.082885,0.3205,11.8594
both,non_symmetric,1.0,1.0,entropy,top50,1,5,20,0,42,7,0.093367,70.00,0.985302,9.230176,4.672316,44.146690,0.3415,2.3906
both,non_symmetric,1.0,1.0,entropy,top50,1,5,20,1,43,6,0.642572,85.00,0.685084,12.895253,3.440656,44.438192,0.3490,2.0938
both,non_symmetric,1.0,1.0,entropy,top50,1,5,20,2,44,7,0.494646,85.00,0.920694,12.496969,3.681218,44.443718,0.3393,2.3750
both,non_symmetric,1.0,1.0,entropy,top50,1,5,20,3,45,6,0.260345,85.00,0.928042,8.173795,3.150712,44.146455,0.3542,2.1250
both,non_symmetric,1.0,1.0,entropy,top50,1,5,20,4,46,7,0.580377,75.00,0.944173,8.934142,2.932290,44.415316,0.3504,2.4531
both,non_symmetric,1.0,1.0,entropy,top50,1,5,20,5,47,4,0.535166,85.00,0.850928,10.915112,3.453745,44.440801,0.3828,1.5312
both,non_symmetric,1.0,1.0,entropy,top50,1,5,20,6,48,9,0.255153,95.00,1.053229,7.224367,1.287142,44.444434,0.3472,3.1250
both,non_symmetric,1.0,1.0,entropy,top50,1,5,20,7,49,4,0.712083,95.00,0.822088,5.865733,4.769916,44.436576,0.3516,1.4062
both,non_symmetric,1.0,1.0,entropy,top50,1,5,20,8,50,6,0.258079,75.00,0.649590,7.723920,5.845019,43.141982,0.3906,2.3438
both,non_symmetric,1.0,1.0,entropy,top50,1,5,20,9,51,6,0.265550,80.00,0.735467,9.354379,5.749353,44.399111,0.3333,2.0000
both,non_symmetric,1.0,1.0,entropy,top50,2,10,20,0,42,8,0.497277,90.00,0.554955,7.438827,1.851790,44.151336,0.3613,2.8906
both,non_symmetric,1.0,1.0,entropy,top50,2,10,20,1,43,6,0.476590,80.00,1.041277,9.054759,4.834073,44.049827,0.3490,2.0938
both,non_symmetric,1.0,1.0,entropy,top50,2,10,20,2,44,10,0.229399,90.00,1.106102,9.999666,5.088476,43.314060,0.3828,3.8281
both,non_symmetric,1.0,1.0,entropy,top50,2,10,20,3,45,6,0.511552,85.00,0.674858,10.625550,4.270507,44.385459,0.3646,2.1875
both,non_symmetric,1.0,1.0,entropy,top50,2,10,20,4,46,8,0.716904,85.00,1.039507,12.293962,3.337346,44.403932,0.3809,3.0469
both,non_symmetric,1.0,1.0,entropy,top50,2,10,20,5,47,8,0.366159,85.00,0.638819,11.987638,3.027195,44.204555,0.3711,2.9688
both,non_symmetric,1.0,1.0,entropy,top50,2,10,20,6,48,15,0.391259,85.00,0.751055,20.364806,2.581087,44.440310,0.3531,5.2969
both,non_symmetric,1.0,1.0,entropy,top50,2,10,20,7,49,6,0.493998,95.00,0.788650,11.272015,3.371871,44.086604,0.4010,2.4062
both,non_symmetric,1.0,1.0,entropy,top50,2,10,20,8,50,10,0.577320,70.00,0.823955,11.376513,2.731851,44.411925,0.3422,3.4219
both,non_symmetric,1.0,1.0,entropy,top50,2,10,20,9,51,11,0.644075,95.00,0.662846,7.233887,1.572840,44.444393,0.3722,4.0938
both,non_symmetric,1.0,1.0,entropy,top50,4,20,20,0,42,18,0.216181,75.00,1.401736,15.677295,2.849318,44.444397,0.3377,6.0781
both,non_symmetric,1.0,1.0,entropy,top50,4,20,20,1,43,9,0.711549,85.00,1.037378,11.425694,3.870576,44.444257,0.3316,2.9844
both,non_symmetric,1.0,1.0,entropy,top50,4,20,20,2,44,16,1.082425,95.00,1.291269,5.431776,4.127729,43.483107,0.3320,5.3125
both,non_symmetric,1.0,1.0,entropy,top50,4,20,20,3,45,16,0.473282,85.00,0.576474,8.539935,4.460374,44.421045,0.3652,5.8438
both,non_symmetric,1.0,1.0,entropy,top50,4,20,20,4,46,13,0.340856,95.00,0.521312,14.841353,5.203453,44.320847,0.5000,6.5000
both,non_symmetric,1.0,1.0,entropy,top50,4,20,20,5,47,17,2.809806,85.00,1.170758,14.864068,1.415361,44.444403,0.3787,6.4375
both,non_symmetric,1.0,1.0,entropy,top50,4,20,20,6,48,14,0.461041,75.00,1.355656,14.967738,1.772245,44.444441,0.3404,4.7656
both,non_symmetric,1.0,1.0,entropy,top50,4,20,20,7,49,9,0.423176,80.00,0.754100,11.527989,4.779795,44.316238,0.3455,3.1094
both,non_symmetric,1.0,1.0,entropy,top50,4,20,20,8,50,12,0.823817,95.00,1.138722,8.608685,2.935016,44.375189,0.3464,4.1562
both,non_symmetric,1.0,1.0,entropy,top50,4,20,20,9,51,27,0.651180,85.00,1.473029,8.797594,2.561203,43.150107,0.3356,9.0625
both,non_symmetric,1.0,1.0,entropy,top50,8,40,20,0,42,18,3.182907,95.00,1.412159,19.167288,1.245162,44.438631,0.3611,6.5000
both,non_symmetric,1.0,1.0,entropy,top50,8,40,20,1,43,18,0.883354,85.00,1.158969,13.884223,2.533678,44.189771,0.3576,6.4375
both,non_symmetric,1.0,1.0,entropy,top50,8,40,20,2,44,26,0.750816,85.00,0.607716,9.883479,5.332994,44.444201,0.3371,8.7656
both,non_symmetric,1.0,1.0,entropy,top50,8,40,20,3,45,15,0.917049,95.00,0.952272,15.556926,2.612848,44.444326,0.3563,5.3438
both,non_symmetric,1.0,1.0,entropy,top50,8,40,20,4,46,25,0.376038,85.00,1.320864,9.308042,4.099376,44.191034,0.3256,8.1406
both,non_symmetric,1.0,1.0,entropy,top50,8,40,20,5,47,17,0.512046,95.00,1.430168,20.064054,3.757627,44.437619,0.3447,5.8594
both,non_symmetric,1.0,1.0,entropy,top50,8,40,20,6,48,18,2.945375,85.00,1.217760,19.459236,1.742845,44.423095,0.3168,5.7031
both,non_symmetric,1.0,1.0,entropy,top50,8,40,20,7,49,14,4.637524,90.00,1.445431,8.198309,3.835903,44.302759,0.3516,4.9219
both,non_symmetric,1.0,1.0,entropy,top50,8,40,20,8,50,21,2.477901,100.00,1.201874,15.799110,2.576244,44.444442,0.3460,7.2656
both,non_symmetric,1.0,1.0,entropy,top50,8,40,20,9,51,21,0.273057,90.00,0.777443,15.194319,2.400655,44.444341,0.3274,6.8750
both,symmetric,1.0,1.0,binary,top50,1,5,20,0,42,1,0.500000,85.00,0.583406,6.150920,10.575905,44.078699,0.0469,0.0469
both,symmetric,1.0,1.0,binary,top50,1,5,20,1,43,1,0.420000,85.00,0.677142,6.110768,9.209246,44.272709,0.0312,0.0312
both,symmetric,1.0,1.0,binary,top50,1,5,20,2,44,1,0.460000,80.00,0.602174,5.635433,10.416201,44.322257,0.0469,0.0469
both,symmetric,1.0,1.0,binary,top50,1,5,20,3,45,1,0.480000,75.00,0.602671,6.751976,10.568043,44.299241,0.0312,0.0312
both,symmetric,1.0,1.0,binary,top50,1,5,20,4,46,2,0.300000,85.00,0.673979,4.285016,8.437401,43.958028,0.2500,0.5000
both,symmetric,1.0,1.0,binary,top50,1,5,20,5,47,4,0.340000,75.00,0.720658,7.534799,6.024183,44.436122,0.4297,1.7188
both,symmetric,1.0,1.0,binary,top50,1,5,20,6,48,2,0.440000,75.00,0.446765,6.182074,7.592684,43.325802,0.2891,0.5781
both,symmetric,1.0,1.0,binary,top50,1,5,20,7,49,1,0.400000,75.00,0.470047,4.539802,10.379995,44.373466,0.0469,0.0469
both,symmetric,1.0,1.0,binary,top50,1,5,20,8,50,2,0.480000,75.00,0.685436,6.293851,7.912436,43.746377,0.3047,0.6094
both,symmetric,1.0,1.0,binary,top50,1,5,20,9,51,2,0.280000,90.00,0.643315,8.173862,7.741174,44.037434,0.3516,0.7031
both,symmetric,1.0,1.0,binary,top50,2,10,20,0,42,6,0.400000,95.00,0.673417,6.085418,5.479525,43.848016,0.4297,2.5781
both,symmetric,1.0,1.0,binary,top50,2,10,20,1,43,1,0.860000,85.00,0.677142,6.110768,9.209246,44.272709,0.0469,0.0469
both,symmetric,1.0,1.0,binary,top50,2,10,20,2,44,4,0.480000,85.00,0.826100,5.112426,4.186011,44.389500,0.4648,1.8594
both,symmetric,1.0,1.0,binary,top50,2,10,20,3,45,5,0.560000,85.00,0.700329,9.125168,1.807452,44.206791,0.5656,2.8281
both,symmetric,1.0,1.0,binary,top50,2,10,20,4,46,3,0.620000,95.00,0.782217,5.381725,6.796175,43.937177,0.4531,1.3594
both,symmetric,1.0,1.0,binary,top50,2,10,20,5,47,4,0.520000,95.00,0.789654,5.815652,3.899576,44.348838,0.5430,2.1719
both,symmetric,1.0,1.0,binary,top50,2,10,20,6,48,5,0.480000,85.00,0.701615,8.536758,4.025144,44.437249,0.6687,3.3438
both,symmetric,1.0,1.0,binary,top50,2,10,20,7,49,3,0.480000,75.00,0.563012,11.799242,5.340043,44.033247,0.5104,1.5312
both,symmetric,1.0,1.0,binary,top50,2,10,20,8,50,8,0.440000,85.00,0.753900,11.015496,4.221686,44.442820,0.6855,5.4844
both,symmetric,1.0,1.0,binary,top50,2,10,20,9,51,4,0.540000,95.00,0.790408,10.181148,6.173215,44.431947,0.4961,1.9844
both,symmetric,1.0,1.0,binary,top50,4,20,20,0,42,11,0.460000,95.00,1.039073,14.051091,1.480157,44.444180,0.6747,7.4219
both,symmetric,1.0,1.0,binary,top50,4,20,20,1,43,11,0.720000,90.00,0.687212,12.408931,1.979472,44.444444,0.6634,7.2969
both,symmetric,1.0,1.0,binary,top50,4,20,20,2,44,8,0.780000,80.00,0.676724,10.648209,2.961399,44.441156,0.5625,4.5000
both,symmetric,1.0,1.0,binary,top50,4,20,20,3,45,6,0.700000,95.00,0.910326,10.338632,2.623312,44.441265,0.5026,3.0156
both,symmetric,1.0,1.0,binary,top50,4,20,20,4,46,12,0.560000,75.00,0.898783,15.504770,3.323945,43.786828,0.6302,7.5625
both,symmetric,1.0,1.0,binary,top50,4,20,20,5,47,17,0.600000,95.00,1.092420,22.621190,1.217063,44.404370,0.4164,7.0781
both,symmetric,1.0,1.0,binary,top50,4,20,20,6,48,13,0.640000,90.00,0.839029,9.539140,2.191087,44.444444,0.4363,5.6719
both,symmetric,1.0,1.0,binary,top50,4,20,20,7,49,4,1.000000,75.00,0.566820,3.895567,4.181358,44.408113,0.3750,1.5000
both,symmetric,1.0,1.0,binary,top50,4,20,20,8,50,8,0.440000,85.00,0.600700,10.359009,4.641482,44.440347,0.4102,3.2812
both,symmetric,1.0,1.0,binary,top50,4,20,20,9,51,16,0.520000,85.00,1.203476,14.045798,0.424923,44.444444,0.4189,6.7031
both,symmetric,1.0,1.0,binary,top50,8,40,20,0,42,48,0.900000,95.00,1.161750,22.167547,1.072066,44.444443,0.4163,19.9844
both,symmetric,1.0,1.0,binary,top50,8,40,20,1,43,21,0.660000,95.00,0.754656,22.214177,1.186904,44.444410,0.4167,8.7500
both,symmetric,1.0,1.0,binary,top50,8,40,20,2,44,17,0.840000,85.00,0.964764,9.626216,3.426211,44.444071,0.4430,7.5312
both,symmetric,1.0,1.0,binary,top50,8,40,20,3,45,13,0.700000,95.00,0.917858,9.737331,3.393018,44.430778,0.4087,5.3125
both,symmetric,1.0,1.0,binary,top50,8,40,20,4,46,34,0.580000,85.00,1.662893,9.460822,0.667530,44.436917,0.4219,14.3438
both,symmetric,1.0,1.0,binary,top50,8,40,20,5,47,16,0.820000,95.00,1.021627,14.930371,1.183568,44.444066,0.4229,6.7656
both,symmetric,1.0,1.0,binary,top50,8,40,20,6,48,11,0.960000,90.00,1.145814,9.181090,1.869367,44.088296,0.4276,4.7031
both,symmetric,1.0,1.0,binary,top50,8,40,20,7,49,20,0.440000,100.00,0.594022,13.047680,0.747393,44.444443,0.4406,8.8125
both,symmetric,1.0,1.0,binary,top50,8,40,20,8,50,24,0.820000,85.00,1.203987,9.370355,1.009367,44.349902,0.5391,12.9375
both,symmetric,1.0,1.0,binary,top50,8,40,20,9,51,38,0.560000,80.00,1.232901,10.831463,1.298116,44.444444,0.4642,17.6406
both,symmetric,1.0,1.0,margin,top50,1,5,20,0,42,2,0.874267,75.00,0.668935,5.285811,8.775750,43.498303,0.2969,0.5938
both,symmetric,1.0,1.0,margin,top50,1,5,20,1,43,4,0.355505,95.00,0.607534,6.737051,6.647681,44.421089,0.3828,1.5312
both,symmetric,1.0,1.0,margin,top50,1,5,20,2,44,3,0.793431,75.00,0.720641,5.135604,7.398103,44.410053,0.3542,1.0625
both,symmetric,1.0,1.0,margin,top50,1,5,20,3,45,2,0.798111,85.00,0.710957,4.874748,8.249293,43.995672,0.2500,0.5000
both,symmetric,1.0,1.0,margin,top50,1,5,20,4,46,5,0.461209,90.00,0.800946,12.324996,4.528013,44.437496,0.3875,1.9375
both,symmetric,1.0,1.0,margin,top50,1,5,20,5,47,6,0.854097,80.00,0.495734,7.642607,3.577282,44.204690,0.4401,2.6406
both,symmetric,1.0,1.0,margin,top50,1,5,20,6,48,3,1.303965,85.00,0.524012,7.218458,5.187433,44.211933,0.3958,1.1875
both,symmetric,1.0,1.0,margin,top50,1,5,20,7,49,4,0.299047,85.00,0.711926,8.756015,5.390223,44.436248,0.4414,1.7656
both,symmetric,1.0,1.0,margin,top50,1,5,20,8,50,5,0.987860,85.00,0.600002,9.171685,3.947476,44.428905,0.4062,2.0312
both,symmetric,1.0,1.0,margin,top50,1,5,20,9,51,3,0.693329,75.00,0.708367,7.085073,7.211633,44.397243,0.3750,1.1250
both,symmetric,1.0,1.0,margin,top50,2,10,20,0,42,12,0.717011,95.00,0.794517,10.246044,0.921185,44.444444,0.4336,5.2031
both,symmetric,1.0,1.0,margin,top50,2,10,20,1,43,4,0.948089,95.00,0.746023,9.134646,6.657120,44.436257,0.3672,1.4688
both,symmetric,1.0,1.0,margin,top50,2,10,20,2,44,11,1.069728,80.00,0.804886,7.613971,2.012296,44.439783,0.4233,4.6562
both,symmetric,1.0,1.0,margin,top50,2,10,20,3,45,10,0.861559,95.00,0.953726,6.550923,4.622937,44.407955,0.4313,4.3125
both,symmetric,1.0,1.0,margin,top50,2,10,20,4,46,6,1.867078,90.00,1.011892,11.034763,3.957927,44.416607,0.4375,2.6250
both,symmetric,1.0,1.0,margin,top50,2,10,20,5,47,10,0.536975,75.00,0.625311,8.645193,4.153462,44.437917,0.4250,4.2500
both,symmetric,1.0,1.0,margin,top50,2,10,20,6,48,8,1.120988,95.00,1.367957,5.002312,1.814028,43.832770,0.4238,3.3906
both,symmetric,1.0,1.0,margin,top50,2,10,20,7,49,5,0.623105,95.00,0.711793,5.170204,4.718291,44.121388,0.4313,2.1562
both,symmetric,1.0,1.0,margin,top50,2,10,20,8,50,9,0.888617,85.00,0.921641,9.773255,3.515386,43.835479,0.4410,3.9688
both,symmetric,1.0,1.0,margin,top50,2,10,20,9,51,8,0.568612,75.00,0.714702,11.305323,4.634602,44.433481,0.4102,3.2812
both,symmetric,1.0,1.0,margin,top50,4,20,20,0,42,23,0.814458,80.00,1.073920,13.275179,0.436399,44.444444,0.4402,10.1250
both,symmetric,1.0,1.0,margin,top50,4,20,20,1,43,13,1.300307,85.00,1.876443,7.454335,2.048408,44.367814,0.4303,5.5938
both,symmetric,1.0,1.0,margin,top50,4,20,20,2,44,13,0.464517,85.00,2.022629,8.424172,2.185321,44.434424,0.4423,5.7500
both,symmetric,1.0,1.0,margin,top50,4,20,20,3,45,11,0.281489,80.00,0.943033,10.410287,2.102866,44.444318,0.4332,4.7656
both,symmetric,1.0,1.0,margin,top50,4,20,20,4,46,23,0.393825,85.00,0.991269,12.503058,3.849312,44.444344,0.4375,10.0625
both,symmetric,1.0,1.0,margin,top50,4,20,20,5,47,19,0.823599,85.00,1.335071,16.010640,2.726632,44.444084,0.5280,10.0312
both,symmetric,1.0,1.0,margin,top50,4,20,20,6,48,15,0.523075,80.00,0.437774,5.928286,4.506972,44.374605,0.6177,9.2656
both,symmetric,1.0,1.0,margin,top50,4,20,20,7,49,9,1.193243,95.00,0.489005,5.333753,3.167366,44.345570,0.6198,5.5781
both,symmetric,1.0,1.0,margin,top50,4,20,20,8,50,10,0.720199,85.00,0.468004,16.621739,2.933247,44.444444,0.6422,6.4219
both,symmetric,1.0,1.0,margin,top50,4,20,20,9,51,18,0.472205,75.00,1.214736,22.926189,1.085631,44.442852,0.5599,10.0781
both,symmetric,1.0,1.0,margin,top50,8,40,20,0,42,20,0.560238,85.00,0.984337,19.121280,3.386906,44.443950,0.4508,9.0156
both,symmetric,1.0,1.0,margin,top50,8,40,20,1,43,16,0.777192,85.00,1.807467,27.266691,0.498407,44.443370,0.4385,7.0156
both,symmetric,1.0,1.0,margin,top50,8,40,20,2,44,60,1.200523,75.00,1.248818,19.439579,1.082307,44.444364,0.4813,28.8750
both,symmetric,1.0,1.0,margin,top50,8,40,20,3,45,13,0.933945,85.00,0.653227,16.317477,4.446630,44.442963,0.6250,8.1250
both,symmetric,1.0,1.0,margin,top50,8,40,20,4,46,20,0.826686,90.00,1.525690,15.377673,7.855414,44.443568,0.6562,13.1250
both,symmetric,1.0,1.0,margin,top50,8,40,20,5,47,37,0.271691,85.00,0.754295,12.411774,3.214238,44.438478,0.5270,19.5000
both,symmetric,1.0,1.0,margin,top50,8,40,20,6,48,60,0.578711,85.00,0.908452,18.522640,2.634157,44.444444,0.4427,26.5625
both,symmetric,1.0,1.0,margin,top50,8,40,20,7,49,32,0.507009,95.00,2.329051,17.370818,1.235874,44.444387,0.4414,14.1250
both,symmetric,1.0,1.0,margin,top50,8,40,20,8,50,25,0.491113,100.00,2.136709,10.355399,5.814962,44.400552,0.4219,10.5469
both,symmetric,1.0,1.0,margin,top50,8,40,20,9,51,40,0.677562,90.00,0.832558,11.260255,3.131771,44.440464,0.4465,17.8594
both,symmetric,1.0,1.0,softmax,top50,1,5,20,0,42,5,0.285095,70.00,0.671876,12.103560,3.314101,44.430934,0.4250,2.1250
both,symmetric,1.0,1.0,softmax,top50,1,5,20,1,43,9,0.238728,85.00,0.930188,12.006372,4.645407,44.363644,0.4340,3.9062
both,symmetric,1.0,1.0,softmax,top50,1,5,20,2,44,6,0.436839,90.00,0.528443,8.237317,3.583122,44.440979,0.4062,2.4375
both,symmetric,1.0,1.0,softmax,top50,1,5,20,3,45,5,0.456855,90.00,1.158163,8.456128,3.107783,44.444284,0.4375,2.1875
both,symmetric,1.0,1.0,softmax,top50,1,5,20,4,46,5,0.413998,95.00,0.723390,12.334847,5.320347,44.444113,0.4125,2.0625
both,symmetric,1.0,1.0,softmax,top50,1,5,20,5,47,8,0.445855,85.00,0.851311,12.356003,2.605044,44.441481,0.4648,3.7188
both,symmetric,1.0,1.0,softmax,top50,1,5,20,6,48,7,1.015587,85.00,0.712364,4.917396,1.726680,44.439551,0.5446,3.8125
both,symmetric,1.0,1.0,softmax,top50,1,5,20,7,49,7,0.376063,95.00,0.913702,12.248366,2.238499,44.333988,0.6049,4.2344
both,symmetric,1.0,1.0,softmax,top50,1,5,20,8,50,8,0.298862,95.00,0.936275,12.506092,2.247418,44.440058,0.5898,4.7188
both,symmetric,1.0,1.0,softmax,top50,1,5,20,9,51,6,0.199104,70.00,1.047700,10.677794,2.916881,44.393413,0.5651,3.3906
both,symmetric,1.0,1.0,softmax,top50,2,10,20,0,42,11,0.450105,85.00,0.870459,12.661841,2.477384,44.444412,0.6065,6.6719
both,symmetric,1.0,1.0,softmax,top50,2,10,20,1,43,7,0.362401,95.00,0.796630,12.652648,3.687949,44.388229,0.6138,4.2969
both,symmetric,1.0,1.0,softmax,top50,2,10,20,2,44,11,0.813268,80.00,0.933343,9.809676,0.796464,44.066370,0.6435,7.0781
both,symmetric,1.0,1.0,softmax,top50,2,10,20,3,45,7,0.456699,85.00,0.862785,4.483849,3.383571,44.443953,0.5603,3.9219
both,symmetric,1.0,1.0,softmax,top50,2,10,20,4,46,14,0.461729,75.00,0.734151,8.685042,2.494250,44.225495,0.5022,7.0312
both,symmetric,1.0,1.0,softmax,top50,2,10,20,5,47,10,0.380735,90.00,0.443712,5.571487,3.385959,44.427744,0.4594,4.5938
both,symmetric,1.0,1.0,softmax,top50,2,10,20,6,48,14,0.485400,85.00,1.966239,10.898823,1.746422,44.444444,0.4286,6.0000
both,symmetric,1.0,1.0,softmax,top50,2,10,20,7,49,6,0.849881,95.00,0.896169,9.544672,4.460727,43.515832,0.4036,2.4219
both,symmetric,1.0,1.0,softmax,top50,2,10,20,8,50,13,0.111437,85.00,1.318343,15.269221,1.681377,44.442863,0.4243,5.5156
both,symmetric,1.0,1.0,softmax,top50,2,10,20,9,51,9,0.728619,80.00,1.558530,12.640750,3.340260,44.430249,0.4358,3.9219
both,symmetric,1.0,1.0,softmax,top50,4,20,20,0,42,23,0.772807,95.00,1.125841,17.203968,1.298175,44.444444,0.4463,10.2656
both,symmetric,1.0,1.0,softmax,top50,4,20,20,1,43,14,0.407493,75.00,0.886196,18.104739,1.312163,44.426037,0.4810,6.7344
both,symmetric,1.0,1.0,softmax,top50,4,20,20,2,44,18,1.159291,95.00,0.724525,10.219070,1.932008,44.444436,0.4583,8.2500
both,symmetric,1.0,1.0,softmax,top50,4,20,20,3,45,26,0.639514,80.00,1.638477,11.921476,0.904550,44.438939,0.4363,11.3438
both,symmetric,1.0,1.0,softmax,top50,4,20,20,4,46,16,0.286061,85.00,1.270718,10.625981,2.573973,44.398238,0.4385,7.0156
both,symmetric,1.0,1.0,softmax,top50,4,20,20,5,47,16,0.190653,75.00,1.175819,13.603159,1.022809,44.201455,0.4414,7.0625
both,symmetric,1.0,1.0,softmax,top50,4,20,20,6,48,25,0.156381,95.00,1.764780,21.472812,2.951892,44.444405,0.4662,11.6562
both,symmetric,1.0,1.0,softmax,top50,4,20,20,7,49,12,0.284418,75.00,0.586998,12.049816,3.186497,44.136373,0.4466,5.3594
both,symmetric,1.0,1.0,softmax,top50,4,20,20,8,50,11,0.556183,70.00,0.771359,12.362828,3.598620,44.443466,0.4318,4.7500
both,symmetric,1.0,1.0,softmax,top50,4,20,20,9,51,14,0.387289,85.00,1.767852,13.704707,2.646245,44.444216,0.5993,8.3906
both,symmetric,1.0,1.0,softmax,top50,8,40,20,0,42,32,0.412473,95.00,1.872469,22.285699,1.377034,44.444444,0.6377,20.4062
both,symmetric,1.0,1.0,softmax,top50,8,40,20,1,43,22,1.517422,95.00,1.210778,20.581305,2.027944,44.437722,0.6669,14.6719
both,symmetric,1.0,1.0,softmax,top50,8,40,20,2,44,29,0.204912,95.00,1.782556,19.433624,2.357693,44.444444,0.6099,17.6875
both,symmetric,1.0,1.0,softmax,top50,8,40,20,3,45,19,0.148346,85.00,1.701399,22.161133,5.315244,44.438574,0.5033,9.5625
both,symmetric,1.0,1.0,softmax,top50,8,40,20,4,46,17,5.553189,95.00,0.823233,7.493868,1.253186,43.942628,0.4485,7.6250
both,symmetric,1.0,1.0,softmax,top50,8,40,20,5,47,22,0.235762,95.00,1.261362,24.245657,2.179421,44.444206,0.4233,9.3125
both,symmetric,1.0,1.0,softmax,top50,8,40,20,6,48,13,5.397114,95.00,0.811794,8.227147,1.378073,44.422040,0.4339,5.6406
both,symmetric,1.0,1.0,softmax,top50,8,40,20,7,49,15,3.214490,85.00,1.289417,8.503221,2.317141,44.436365,0.4521,6.7812
both,symmetric,1.0,1.0,softmax,top50,8,40,20,8,50,15,3.613911,90.00,1.256761,23.516507,0.824871,44.220509,0.6396,9.5938
both,symmetric,1.0,1.0,softmax,top50,8,40,20,9,51,42,0.725149,65.00,1.142523,15.859917,5.659279,44.339516,0.4762,20.0000
both,symmetric,1.0,1.0,regret,top50,1,5,20,0,42,1,1.270247,85.00,0.583406,6.150920,10.575905,44.078699,0.0469,0.0469
both,symmetric,1.0,1.0,regret,top50,1,5,20,1,43,1,0.857726,85.00,0.677142,6.110768,9.209246,44.272709,0.0469,0.0469
both,symmetric,1.0,1.0,regret,top50,1,5,20,2,44,1,0.883310,80.00,0.602174,5.635433,10.416201,44.322257,0.0312,0.0312
both,symmetric,1.0,1.0,regret,top50,1,5,20,3,45,1,1.076873,75.00,0.602671,6.751976,10.568043,44.299241,0.0469,0.0469
both,symmetric,1.0,1.0,regret,top50,1,5,20,4,46,2,0.617663,80.00,0.735843,5.951173,8.985568,44.102379,0.2734,0.5469
both,symmetric,1.0,1.0,regret,top50,1,5,20,5,47,2,0.777744,80.00,0.590074,11.134731,8.815152,43.740327,0.3359,0.6719
both,symmetric,1.0,1.0,regret,top50,1,5,20,6,48,2,0.765986,85.00,0.697702,5.189960,8.848241,43.198625,0.3438,0.6875
both,symmetric,1.0,1.0,regret,top50,1,5,20,7,49,1,0.476529,75.00,0.470047,4.539802,10.379995,44.373466,0.0469,0.0469
both,symmetric,1.0,1.0,regret,top50,1,5,20,8,50,2,0.437582,80.00,0.750849,6.212336,8.746402,43.737828,0.3203,0.6406
both,symmetric,1.0,1.0,regret,top50,1,5,20,9,51,2,0.817610,75.00,0.685439,8.833503,7.695847,44.187324,0.3438,0.6875
both,symmetric,1.0,1.0,regret,top50,2,10,20,0,42,3,0.436776,85.00,0.631429,7.648016,6.031171,44.400778,0.4271,1.2812
both,symmetric,1.0,1.0,regret,top50,2,10,20,1,43,1,1.751076,85.00,0.677142,6.110768,9.209246,44.272709,0.0469,0.0469
both,symmetric,1.0,1.0,regret,top50,2,10,20,2,44,8,0.700778,80.00,1.305518,9.498615,2.200779,44.439395,0.4141,3.3125
both,symmetric,1.0,1.0,regret,top50,2,10,20,3,45,5,1.163012,85.00,0.821655,8.385070,2.438597,44.442668,0.4156,2.0781
both,symmetric,1.0,1.0,regret,top50,2,10,20,4,46,3,0.595721,95.00,0.836607,8.065607,5.652892,44.427687,0.3646,1.0938
both,symmetric,1.0,1.0,regret,top50,2,10,20,5,47,7,0.924457,90.00,0.453946,5.838752,4.079906,44.435829,0.4598,3.2188
both,symmetric,1.0,1.0,regret,top50,2,10,20,6,48,5,0.300317,85.00,0.590928,8.220530,3.371986,44.404822,0.4156,2.0781
both,symmetric,1.0,1.0,regret,top50,2,10,20,7,49,3,0.870735,75.00,0.682712,7.761997,6.941726,44.411854,0.3594,1.0781
both,symmetric,1.0,1.0,regret,top50,2,10,20,8,50,5,1.241861,90.00,0.959604,7.228664,3.508253,43.955356,0.4250,2.1250
both,symmetric,1.0,1.0,regret,top50,2,10,20,9,51,6,0.579880,85.00,0.849170,10.156576,3.603513,44.306617,0.4375,2.6250
both,symmetric,1.0,1.0,regret,top50,4,20,20,0,42,6,0.699599,85.00,0.636131,9.851017,4.258280,44.417590,0.4401,2.6406
both,symmetric,1.0,1.0,regret,top50,4,20,20,1,43,9,1.279406,95.00,0.907833,7.033361,1.554142,44.431454,0.4149,3.7344
both,symmetric,1.0,1.0,regret,top50,4,20,20,2,44,6,1.257863,75.00,0.862821,4.737301,3.184090,44.321772,0.4245,2.5469
both,symmetric,1.0,1.0,regret,top50,4,20,20,3,45,6,1.589942,95.00,0.923504,5.736148,3.119212,44.430279,0.4245,2.5469
both,symmetric,1.0,1.0,regret,top50,4,20,20,4,46,9,1.003521,95.00,1.005977,10.612396,1.970035,44.443212,0.4410,3.9688
both,symmetric,1.0,1.0,regret,top50,4,20,20,5,47,12,1.020877,95.00,1.087604,8.401305,1.880918,44.397983,0.4232,5.0781
both,symmetric,1.0,1.0,regret,top50,4,20,20,6,48,12,0.123069,100.00,1.305634,22.096905,2.019676,44.206006,0.4518,5.4219
both,symmetric,1.0,1.0,regret,top50,4,20,20,7,49,5,0.984524,85.00,0.843951,9.922591,3.524137,44.425144,0.3906,1.9531
both,symmetric,1.0,1.0,regret,top50,4,20,20,8,50,11,1.443411,95.00,0.879339,6.913585,0.980942,44.444339,0.4616,5.0781
both,symmetric,1.0,1.0,regret,top50,4,20,20,9,51,8,1.389075,75.00,0.754820,11.215538,3.160098,44.444443,0.4414,3.5312
both,symmetric,1.0,1.0,regret,top50,8,40,20,0,42,16,0.558504,100.00,0.878268,6.846727,0.729444,44.443210,0.6221,9.9531
both,symmetric,1.0,1.0,regret,top50,8,40,20,1,43,11,1.420111,95.00,1.003184,10.444002,2.234203,44.444045,0.6207,6.8281
both,symmetric,1.0,1.0,regret,top50,8,40,20,2,44,15,0.258520,95.00,1.958195,18.583916,3.599979,44.353699,0.6104,9.1562
both,symmetric,1.0,1.0,regret,top50,8,40,20,3,45,18,0.373208,100.00,0.967304,15.821388,2.281353,44.444441,0.6250,11.2500
both,symmetric,1.0,1.0,regret,top50,8,40,20,4,46,12,2.219242,95.00,1.077381,10.429959,0.644780,44.444444,0.4219,5.0625
both,symmetric,1.0,1.0,regret,top50,8,40,20,5,47,12,1.104987,95.00,1.537801,10.052791,1.277441,44.444444,0.4076,4.8906
both,symmetric,1.0,1.0,regret,top50,8,40,20,6,48,16,0.000024,90.00,0.921667,26.327749,0.530713,44.444444,0.4365,6.9844
both,symmetric,1.0,1.0,regret,top50,8,40,20,7,49,18,0.363281,100.00,1.203044,13.129477,0.451095,43.609495,0.4358,7.8438
both,symmetric,1.0,1.0,regret,top50,8,40,20,8,50,18,0.002318,80.00,1.055010,12.484767,3.492164,44.442835,0.4314,7.7656
both,symmetric,1.0,1.0,regret,top50,8,40,20,9,51,33,0.000051,90.00,2.658690,30.121628,0.620259,31.247701,0.4313,14.2344
both,symmetric,1.0,1.0,entropy,top50,1,5,20,0,42,5,0.381137,85.00,1.100575,9.091199,3.545110,44.374273,0.4094,2.0469
both,symmetric,1.0,1.0,entropy,top50,1,5,20,1,43,8,0.043998,90.00,0.694851,8.397188,5.985185,44.094461,0.4609,3.6875
both,symmetric,1.0,1.0,entropy,top50,1,5,20,2,44,5,0.586968,95.00,0.855027,7.320564,2.480289,43.569531,0.4500,2.2500
both,symmetric,1.0,1.0,entropy,top50,1,5,20,3,45,4,0.341741,90.00,0.919050,8.436549,4.462410,44.204600,0.5625,2.2500
both,symmetric,1.0,1.0,entropy,top50,1,5,20,4,46,7,0.412571,75.00,1.067038,11.139648,2.440224,44.425991,0.5938,4.1562
both,symmetric,1.0,1.0,entropy,top50,1,5,20,5,47,8,0.872231,85.00,0.859027,10.189218,2.734219,44.443440,0.5938,4.7500
both,symmetric,1.0,1.0,entropy,top50,1,5,20,6,48,8,0.640432,75.00,0.935831,5.894568,3.054428,44.441988,0.5840,4.6719
both,symmetric,1.0,1.0,entropy,top50,1,5,20,7,49,4,0.335900,90.00,0.659061,11.850047,7.417862,44.248119,0.4727,1.8906
both,symmetric,1.0,1.0,entropy,top50,1,5,20,8,50,7,0.195700,80.00,1.023221,5.739138,4.735593,43.601734,0.5781,4.0469
both,symmetric,1.0,1.0,entropy,top50,1,5,20,9,51,6,0.310745,85.00,0.891932,5.857749,4.760762,44.428528,0.4896,2.9375
both,symmetric,1.0,1.0,entropy,top50,2,10,20,0,42,8,0.203040,100.00,0.768737,7.253266,4.317570,44.442505,0.5430,4.3438
both,symmetric,1.0,1.0,entropy,top50,2,10,20,1,43,5,0.641856,85.00,0.856112,6.707949,4.055526,44.404736,0.5125,2.5625
both,symmetric,1.0,1.0,entropy,top50,2,10,20,2,44,10,0.346709,85.00,0.428011,13.864866,2.965194,44.435129,0.5672,5.6719
both,symmetric,1.0,1.0,entropy,top50,2,10,20,3,45,7,0.524806,95.00,0.624494,7.164674,3.671526,44.442790,0.6964,4.8750
both,symmetric,1.0,1.0,entropy,top50,2,10,20,4,46,15,0.266606,90.00,0.885311,9.138506,2.777336,44.444059,0.6188,9.2812
both,symmetric,1.0,1.0,entropy,top50,2,10,20,5,47,9,0.132775,80.00,0.753863,12.126617,1.676727,44.444444,0.5903,5.3125
both,symmetric,1.0,1.0,entropy,top50,2,10,20,6,48,22,0.577920,85.00,0.906872,14.179242,0.424451,44.444444,0.6115,13.4531
both,symmetric,1.0,1.0,entropy,top50,2,10,20,7,49,8,0.331075,80.00,0.613761,8.579255,5.535343,44.217857,0.5449,4.3594
both,symmetric,1.0,1.0,entropy,top50,2,10,20,8,50,10,0.869860,75.00,0.713233,14.533456,1.242851,44.393274,0.6656,6.6562
both,symmetric,1.0,1.0,entropy,top50,2,10,20,9,51,13,0.434111,85.00,1.380795,8.444233,3.128026,44.424067,0.4519,5.8750
both,symmetric,1.0,1.0,entropy,top50,4,20,20,0,42,20,0.764669,80.00,1.612316,19.051093,0.577682,42.197498,0.4336,8.6719
both,symmetric,1.0,1.0,entropy,top50,4,20,20,1,43,8,0.623993,95.00,0.897973,9.182800,6.118404,44.429171,0.4180,3.3438
both,symmetric,1.0,1.0,entropy,top50,4,20,20,2,44,21,0.579583,95.00,1.669790,11.693837,0.431661,44.444444,0.4382,9.2031
both,symmetric,1.0,1.0,entropy,top50,4,20,20,3,45,16,0.542036,85.00,0.907993,14.087392,1.742079,44.444381,0.4512,7.2188
both,symmetric,1.0,1.0,entropy,top50,4,20,20,4,46,24,0.631746,95.00,1.138353,22.482097,0.815183,44.444444,0.4427,10.6250
both,symmetric,1.0,1.0,entropy,top50,4,20,20,5,47,17,1.424541,90.00,1.604815,23.378136,0.644363,40.000000,0.4421,7.5156
both,symmetric,1.0,1.0,entropy,top50,4,20,20,6,48,20,0.381564,80.00,0.961057,12.056451,4.539403,43.688318,0.4477,8.9531
both,symmetric,1.0,1.0,entropy,top50,4,20,20,7,49,8,0.639473,95.00,0.710944,16.131355,1.713099,44.444125,0.4258,3.4062
both,symmetric,1.0,1.0,entropy,top50,4,20,20,8,50,11,0.459757,95.00,1.270417,15.164778,5.608823,44.442927,0.4290,4.7188
both,symmetric,1.0,1.0,entropy,top50,4,20,20,9,51,13,0.444724,95.00,0.699309,9.266234,3.298801,44.391081,0.4255,5.5312
both,symmetric,1.0,1.0,entropy,top50,8,40,20,0,42,43,0.321787,100.00,2.041669,27.135714,1.271909,43.903853,0.4346,18.6875
both,symmetric,1.0,1.0,entropy,top50,8,40,20,1,43,15,1.587993,95.00,1.091638,19.153092,1.447195,44.442033,0.4969,7.4531
both,symmetric,1.0,1.0,entropy,top50,8,40,20,2,44,30,1.337873,85.00,0.988216,11.937357,3.546598,43.541452,0.5078,15.2344
both,symmetric,1.0,1.0,entropy,top50,8,40,20,3,45,14,5.134675,95.00,0.693989,10.519030,1.720730,44.404825,0.4576,6.4062
both,symmetric,1.0,1.0,entropy,top50,8,40,20,4,46,21,0.628959,85.00,0.888215,11.872128,3.966622,44.430324,0.4487,9.4219
both,symmetric,1.0,1.0,entropy,top50,8,40,20,5,47,15,8.235274,90.00,0.884685,11.539708,0.719313,44.444444,0.4437,6.6562
both,symmetric,1.0,1.0,entropy,top50,8,40,20,6,48,25,0.753019,95.00,1.211142,11.797425,2.870235,44.429033,0.4281,10.7031
both,symmetric,1.0,1.0,entropy,top50,8,40,20,7,49,18,0.887768,75.00,1.908294,16.393474,0.700673,44.432243,0.4323,7.7812
both,symmetric,1.0,1.0,entropy,top50,8,40,20,8,50,36,0.730866,85.00,1.150909,23.852716,3.860673,44.444443,0.4466,16.0781
both,symmetric,1.0,1.0,entropy,top50,8,40,20,9,51,25,3.358932,90.00,2.131119,16.258643,0.412636,44.444444,0.4288,10.7188
